TEMP_1,PPM_1,LEVEL_1,TEMP_2,PPM_2,LEVEL_2,TEMP_3,PPM_3,LEVEL_3,TEMP_4,PPM_4,LEVEL_4,TEMP_5,PPM_5,LEVEL_5,gas_leak,temp_overshoot,tank_leak
26.0,0.0,6.28,26.0,0.0,6.89,26.0,0.0,6.89,26.0,0.0,6.89,26.0,0.0,6.89,0,0,1
26.0,0.0,6.89,26.0,0.0,6.89,26.0,0.0,6.89,26.0,0.0,6.89,26.0,0.0,6.89,0,0,0
26.0,0.0,6.89,26.0,0.0,6.89,26.0,0.0,6.89,26.0,0.0,6.89,26.0,0.0,6.9,0,0,0
26.0,0.0,6.89,26.0,0.0,6.89,26.0,0.0,6.89,26.0,0.0,6.9,26.0,0.0,6.9,0,0,0
26.0,0.0,6.89,26.0,0.0,6.89,26.0,0.0,6.9,26.0,0.0,6.9,26.0,0.0,6.9,0,0,0
26.0,0.0,6.89,26.0,0.0,6.9,26.0,0.0,6.9,26.0,0.0,6.9,26.0,0.0,6.9,0,0,0
26.0,0.0,6.9,26.0,0.0,6.9,26.0,0.0,6.9,26.0,0.0,6.9,26.0,0.0,6.9,0,0,0
26.0,0.0,6.9,26.0,0.0,6.9,26.0,0.0,6.9,26.0,0.0,6.9,26.0,0.0,6.9,0,0,0
26.0,0.0,6.9,26.0,0.0,6.9,26.0,0.0,6.9,26.0,0.0,6.9,26.0,0.0,6.9,0,0,0
26.0,0.0,6.9,26.0,0.0,6.9,26.0,0.0,6.9,26.0,0.0,6.9,26.0,0.0,6.9,0,0,0
26.0,0.0,6.9,26.0,0.0,6.9,26.0,0.0,6.9,26.0,0.0,6.9,26.0,0.0,6.9,0,0,0
26.0,0.0,6.9,26.0,0.0,6.9,26.0,0.0,6.9,26.0,0.0,6.9,26.0,0.0,6.9,0,0,0
26.0,0.0,6.9,26.0,0.0,6.9,26.0,0.0,6.9,26.0,0.0,6.9,26.0,0.0,6.9,0,0,0
26.0,0.0,6.9,26.0,0.0,6.9,26.0,0.0,6.9,26.0,0.0,6.9,26.0,0.0,6.9,0,0,0
26.0,0.0,6.9,26.0,0.0,6.9,26.0,0.0,6.9,26.0,0.0,6.9,26.0,0.0,6.91,0,0,0
26.0,0.0,6.9,26.0,0.0,6.9,26.0,0.0,6.9,26.0,0.0,6.91,26.0,0.0,6.91,0,0,0
26.0,0.0,6.9,26.0,0.0,6.9,26.0,0.0,6.91,26.0,0.0,6.91,26.0,0.0,6.91,0,0,0
26.0,0.0,6.9,26.0,0.0,6.91,26.0,0.0,6.91,26.0,0.0,6.91,26.0,0.0,6.91,0,0,0
26.0,0.0,6.91,26.0,0.0,6.91,26.0,0.0,6.91,26.0,0.0,6.91,26.0,0.0,6.91,0,0,0
26.0,0.0,6.91,26.0,0.0,6.91,26.0,0.0,6.91,26.0,0.0,6.91,26.0,0.0,6.91,0,0,0
26.0,0.0,6.91,26.0,0.0,6.91,26.0,0.0,6.91,26.0,0.0,6.91,26.0,0.0,6.91,0,0,0
26.0,0.0,6.91,26.0,0.0,6.91,26.0,0.0,6.91,26.0,0.0,6.91,26.0,0.0,6.91,0,0,0
26.0,0.0,6.91,26.0,0.0,6.91,26.0,0.0,6.91,26.0,0.0,6.91,26.0,0.0,6.91,0,0,0
26.0,0.0,6.91,26.0,0.0,6.91,26.0,0.0,6.91,26.0,0.0,6.91,26.0,0.0,6.91,0,0,0
26.0,0.0,6.91,26.0,0.0,6.91,26.0,0.0,6.91,26.0,0.0,6.91,26.0,0.0,6.91,0,0,0
26.0,0.0,6.91,26.0,0.0,6.91,26.0,0.0,6.91,26.0,0.0,6.91,26.0,0.0,6.91,0,0,0
26.0,0.0,6.91,26.0,0.0,6.91,26.0,0.0,6.91,26.0,0.0,6.91,26.0,0.0,6.91,0,0,0
26.0,0.0,6.91,26.0,0.0,6.91,26.0,0.0,6.91,26.0,0.0,6.91,26.0,0.0,6.91,0,0,0
26.0,0.0,6.91,26.0,0.0,6.91,26.0,0.0,6.91,26.0,0.0,6.91,26.0,0.0,6.91,0,0,0
26.0,0.0,6.91,26.0,0.0,6.91,26.0,0.0,6.91,26.0,0.0,6.91,26.0,0.0,6.91,0,0,0
26.0,0.0,6.91,26.0,0.0,6.91,26.0,0.0,6.91,26.0,0.0,6.91,26.0,0.0,6.91,0,0,0
26.0,0.0,6.91,26.0,0.0,6.91,26.0,0.0,6.91,26.0,0.0,6.91,26.0,0.0,6.91,0,0,0
26.0,0.0,6.91,26.0,0.0,6.91,26.0,0.0,6.91,26.0,0.0,6.91,26.0,0.0,6.91,0,0,0
26.0,0.0,6.91,26.0,0.0,6.91,26.0,0.0,6.91,26.0,0.0,6.91,26.0,0.0,6.91,0,0,0
26.0,0.0,6.91,26.0,0.0,6.91,26.0,0.0,6.91,26.0,0.0,6.91,26.0,0.0,6.91,0,0,0
26.0,0.0,6.91,26.0,0.0,6.91,26.0,0.0,6.91,26.0,0.0,6.91,26.0,0.0,6.91,0,0,0
26.0,0.0,6.91,26.0,0.0,6.91,26.0,0.0,6.91,26.0,0.0,6.91,26.0,0.0,6.91,0,0,0
26.0,0.0,6.91,26.0,0.0,6.91,26.0,0.0,6.91,26.0,0.0,6.91,26.0,0.0,6.91,0,0,0
26.0,0.0,6.91,26.0,0.0,6.91,26.0,0.0,6.91,26.0,0.0,6.91,26.0,0.0,6.91,0,0,0
26.0,0.0,6.91,26.0,0.0,6.91,26.0,0.0,6.91,26.0,0.0,6.91,26.0,0.0,6.91,0,0,0
26.0,0.0,6.91,26.0,0.0,6.91,26.0,0.0,6.91,26.0,0.0,6.91,26.0,0.0,6.91,0,0,0
26.0,0.0,6.91,26.0,0.0,6.91,26.0,0.0,6.91,26.0,0.0,6.91,26.0,0.0,6.91,0,0,0
26.0,0.0,6.91,26.0,0.0,6.91,26.0,0.0,6.91,26.0,0.0,6.91,26.0,0.0,6.91,0,0,0
26.0,0.0,6.91,26.0,0.0,6.91,26.0,0.0,6.91,26.0,0.0,6.91,26.0,0.0,6.91,0,0,0
26.0,0.0,6.91,26.0,0.0,6.91,26.0,0.0,6.91,26.0,0.0,6.91,26.0,0.0,6.91,0,0,0
26.0,0.0,6.91,26.0,0.0,6.91,26.0,0.0,6.91,26.0,0.0,6.91,26.0,0.0,6.91,0,0,0
26.0,0.0,6.91,26.0,0.0,6.91,26.0,0.0,6.91,26.0,0.0,6.91,26.0,0.0,6.91,0,0,0
26.0,0.0,6.91,26.0,0.0,6.91,26.0,0.0,6.91,26.0,0.0,6.91,26.0,0.0,6.91,0,0,0
26.0,0.0,6.91,26.0,0.0,6.91,26.0,0.0,6.91,26.0,0.0,6.91,26.0,0.0,6.91,0,0,0
26.0,0.0,6.91,26.0,0.0,6.91,26.0,0.0,6.91,26.0,0.0,6.91,26.0,0.0,6.92,0,0,0
26.0,0.0,6.91,26.0,0.0,6.91,26.0,0.0,6.91,26.0,0.0,6.92,26.0,0.0,6.92,0,0,0
26.0,0.0,6.91,26.0,0.0,6.91,26.0,0.0,6.92,26.0,0.0,6.92,26.0,0.0,6.92,0,0,0
26.0,0.0,6.91,26.0,0.0,6.92,26.0,0.0,6.92,26.0,0.0,6.92,26.0,0.0,6.92,0,0,0
26.0,0.0,6.92,26.0,0.0,6.92,26.0,0.0,6.92,26.0,0.0,6.92,26.0,0.0,6.92,0,0,0
26.0,0.0,6.92,26.0,0.0,6.92,26.0,0.0,6.92,26.0,0.0,6.92,26.0,0.0,6.92,0,0,0
26.0,0.0,6.92,26.0,0.0,6.92,26.0,0.0,6.92,26.0,0.0,6.92,26.0,0.0,6.92,0,0,0
26.0,0.0,6.92,26.0,0.0,6.92,26.0,0.0,6.92,26.0,0.0,6.92,26.0,0.0,6.92,0,0,0
26.0,0.0,6.92,26.0,0.0,6.92,26.0,0.0,6.92,26.0,0.0,6.92,26.0,0.0,6.92,0,0,0
26.0,0.0,6.92,26.0,0.0,6.92,26.0,0.0,6.92,26.0,0.0,6.92,26.0,0.0,6.92,0,0,0
26.0,0.0,6.92,26.0,0.0,6.92,26.0,0.0,6.92,26.0,0.0,6.92,26.0,0.0,6.93,0,0,0
26.0,0.0,6.92,26.0,0.0,6.92,26.0,0.0,6.92,26.0,0.0,6.93,26.0,0.0,6.93,0,0,0
26.0,0.0,6.92,26.0,0.0,6.92,26.0,0.0,6.93,26.0,0.0,6.93,26.0,0.0,6.93,0,0,0
26.0,0.0,6.92,26.0,0.0,6.93,26.0,0.0,6.93,26.0,0.0,6.93,26.0,0.0,6.93,0,0,0
26.0,0.0,6.93,26.0,0.0,6.93,26.0,0.0,6.93,26.0,0.0,6.93,26.0,0.0,7.23,0,0,0
26.0,0.0,6.93,26.0,0.0,6.93,26.0,0.0,6.93,26.0,0.0,7.23,26.0,0.0,7.56,0,0,1
26.0,0.0,6.93,26.0,0.0,6.93,26.0,0.0,7.23,26.0,0.0,7.56,26.0,0.0,7.56,0,0,1
26.0,0.0,6.93,26.0,0.0,7.23,26.0,0.0,7.56,26.0,0.0,7.56,26.0,0.0,7.85,0,0,1
26.0,0.0,7.23,26.0,0.0,7.56,26.0,0.0,7.56,26.0,0.0,7.85,26.0,0.0,7.9,0,0,1
26.0,0.0,7.56,26.0,0.0,7.56,26.0,0.0,7.85,26.0,0.0,7.9,26.0,0.0,8.21,0,0,0
26.0,0.0,7.56,26.0,0.0,7.85,26.0,0.0,7.9,26.0,0.0,8.21,26.0,0.0,8.54,0,0,1
26.0,0.0,7.85,26.0,0.0,7.9,26.0,0.0,8.21,26.0,0.0,8.54,26.0,0.0,8.54,0,0,1
26.0,0.0,7.9,26.0,0.0,8.21,26.0,0.0,8.54,26.0,0.0,8.54,26.0,0.0,8.55,0,0,1
26.0,0.0,8.21,26.0,0.0,8.54,26.0,0.0,8.54,26.0,0.0,8.55,26.0,0.0,8.55,0,0,1
26.0,0.0,8.54,26.0,0.0,8.54,26.0,0.0,8.55,26.0,0.0,8.55,26.0,0.0,8.9,0,0,0
26.0,0.0,8.54,26.0,0.0,8.55,26.0,0.0,8.55,26.0,0.0,8.9,26.0,0.0,8.9,0,0,0
26.0,0.0,8.55,26.0,0.0,8.55,26.0,0.0,8.9,26.0,0.0,8.9,26.0,0.0,8.9,0,0,0
26.0,0.0,8.55,26.0,0.0,8.9,26.0,0.0,8.9,26.0,0.0,8.9,26.0,0.0,8.9,0,0,0
26.0,0.0,8.9,26.0,0.0,8.9,26.0,0.0,8.9,26.0,0.0,8.9,26.0,0.0,8.9,0,0,0
26.0,0.0,8.9,26.0,0.0,8.9,26.0,0.0,8.9,26.0,0.0,8.9,26.0,0.0,8.91,0,0,0
26.0,0.0,8.9,26.0,0.0,8.9,26.0,0.0,8.9,26.0,0.0,8.91,26.0,0.0,8.91,0,0,0
26.0,0.0,8.9,26.0,0.0,8.9,26.0,0.0,8.91,26.0,0.0,8.91,26.0,0.0,8.91,0,0,0
26.0,0.0,8.9,26.0,0.0,8.91,26.0,0.0,8.91,26.0,0.0,8.91,26.0,0.0,9.23,0,0,0
26.0,0.0,8.91,26.0,0.0,8.91,26.0,0.0,8.91,26.0,0.0,9.23,26.0,0.0,9.24,0,0,0
26.0,0.0,8.91,26.0,0.0,8.91,26.0,0.0,9.23,26.0,0.0,9.24,26.0,0.0,9.24,0,0,0
26.0,0.0,8.91,26.0,0.0,9.23,26.0,0.0,9.24,26.0,0.0,9.24,26.0,0.0,9.27,0,0,0
26.0,0.0,9.23,26.0,0.0,9.24,26.0,0.0,9.24,26.0,0.0,9.27,26.0,0.0,9.33,0,0,0
26.0,0.0,9.24,26.0,0.0,9.24,26.0,0.0,9.27,26.0,0.0,9.33,26.0,0.0,9.34,0,0,0
26.0,0.0,9.24,26.0,0.0,9.27,26.0,0.0,9.33,26.0,0.0,9.34,26.0,0.0,9.47,0,0,0
26.0,0.0,9.27,26.0,0.0,9.33,26.0,0.0,9.34,26.0,0.0,9.47,26.0,0.0,9.52,0,0,1
26.0,0.0,9.33,26.0,0.0,9.34,26.0,0.0,9.47,26.0,0.0,9.52,26.0,0.0,9.56,0,0,1
26.0,0.0,9.34,26.0,0.0,9.47,26.0,0.0,9.52,26.0,0.0,9.56,26.0,0.0,9.56,0,0,1
26.0,0.0,9.47,26.0,0.0,9.52,26.0,0.0,9.56,26.0,0.0,9.56,26.0,0.0,9.56,0,0,1
26.0,0.0,9.52,26.0,0.0,9.56,26.0,0.0,9.56,26.0,0.0,9.56,26.0,0.0,9.56,0,0,0
26.0,0.0,9.56,26.0,0.0,9.56,26.0,0.0,9.56,26.0,0.0,9.56,26.0,0.0,9.56,0,0,0
26.0,0.0,9.56,26.0,0.0,9.56,26.0,0.0,9.56,26.0,0.0,9.56,26.0,0.0,9.57,0,0,0
26.0,0.0,9.56,26.0,0.0,9.56,26.0,0.0,9.56,26.0,0.0,9.57,26.0,0.0,9.57,0,0,0
26.0,0.0,9.56,26.0,0.0,9.56,26.0,0.0,9.57,26.0,0.0,9.57,26.0,0.0,9.57,0,0,0
26.0,0.0,9.56,26.0,0.0,9.57,26.0,0.0,9.57,26.0,0.0,9.57,26.0,0.0,9.58,0,0,0
26.0,0.0,9.57,26.0,0.0,9.57,26.0,0.0,9.57,26.0,0.0,9.58,26.0,0.0,9.58,0,0,0
26.0,0.0,9.57,26.0,0.0,9.57,26.0,0.0,9.58,26.0,0.0,9.58,26.0,0.0,9.58,0,0,0
26.0,0.0,9.57,26.0,0.0,9.58,26.0,0.0,9.58,26.0,0.0,9.58,26.0,0.0,9.58,0,0,0
26.0,0.0,9.58,26.0,0.0,9.58,26.0,0.0,9.58,26.0,0.0,9.58,26.0,0.0,9.58,0,0,0
26.0,0.0,9.58,26.0,0.0,9.58,26.0,0.0,9.58,26.0,0.0,9.58,26.0,0.0,9.58,0,0,0
26.0,0.0,9.58,26.0,0.0,9.58,26.0,0.0,9.58,26.0,0.0,9.58,26.0,0.0,9.58,0,0,0
26.0,0.0,9.58,26.0,0.0,9.58,26.0,0.0,9.58,26.0,0.0,9.58,26.0,0.0,9.58,0,0,0
26.0,0.0,9.58,26.0,0.0,9.58,26.0,0.0,9.58,26.0,0.0,9.58,26.0,0.0,9.58,0,0,0
26.0,0.0,9.58,26.0,0.0,9.58,26.0,0.0,9.58,26.0,0.0,9.58,26.0,0.0,9.58,0,0,0
26.0,0.0,9.58,26.0,0.0,9.58,26.0,0.0,9.58,26.0,0.0,9.58,26.0,0.0,9.58,0,0,0
26.0,0.0,9.58,26.0,0.0,9.58,26.0,0.0,9.58,26.0,0.0,9.58,26.0,0.0,9.58,0,0,0
26.0,0.0,9.58,26.0,0.0,9.58,26.0,0.0,9.58,26.0,0.0,9.58,26.0,0.0,9.58,0,0,0
26.0,0.0,9.58,26.0,0.0,9.58,26.0,0.0,9.58,26.0,0.0,9.58,26.0,0.0,9.58,0,0,0
26.0,0.0,9.58,26.0,0.0,9.58,26.0,0.0,9.58,26.0,0.0,9.58,26.0,0.0,9.58,0,0,0
26.0,0.0,9.58,26.0,0.0,9.58,26.0,0.0,9.58,26.0,0.0,9.58,26.0,0.0,9.58,0,0,0
26.0,0.0,9.58,26.0,0.0,9.58,26.0,0.0,9.58,26.0,0.0,9.58,26.0,0.0,9.58,0,0,0
26.0,0.0,9.58,26.0,0.0,9.58,26.0,0.0,9.58,26.0,0.0,9.58,26.0,0.0,9.58,0,0,0
26.0,0.0,9.58,26.0,0.0,9.58,26.0,0.0,9.58,26.0,0.0,9.58,26.0,0.0,9.58,0,0,0
26.0,0.0,9.58,26.0,0.0,9.58,26.0,0.0,9.58,26.0,0.0,9.58,26.0,0.0,9.58,0,0,0
26.0,0.0,9.58,26.0,0.0,9.58,26.0,0.0,9.58,26.0,0.0,9.58,26.0,0.0,9.58,0,0,0
26.0,0.0,9.58,26.0,0.0,9.58,26.0,0.0,9.58,26.0,0.0,9.58,26.0,0.0,9.58,0,0,0
26.0,0.0,9.58,26.0,0.0,9.58,26.0,0.0,9.58,26.0,0.0,9.58,26.0,0.0,9.58,0,0,0
26.0,0.0,9.58,26.0,0.0,9.58,26.0,0.0,9.58,26.0,0.0,9.58,26.0,0.0,9.58,0,0,0
26.0,0.0,9.58,26.0,0.0,9.58,26.0,0.0,9.58,26.0,0.0,9.58,26.0,0.0,9.58,0,0,0
26.0,0.0,9.58,26.0,0.0,9.58,26.0,0.0,9.58,26.0,0.0,9.58,26.0,0.0,9.58,0,0,0
26.0,0.0,9.58,26.0,0.0,9.58,26.0,0.0,9.58,26.0,0.0,9.58,26.0,0.0,9.58,0,0,0
26.0,0.0,9.58,26.0,0.0,9.58,26.0,0.0,9.58,26.0,0.0,9.58,26.0,0.0,9.58,0,0,0
26.0,0.0,9.58,26.0,0.0,9.58,26.0,0.0,9.58,26.0,0.0,9.58,26.0,0.0,9.59,0,0,0
26.0,0.0,9.58,26.0,0.0,9.58,26.0,0.0,9.58,26.0,0.0,9.59,26.0,0.0,9.59,0,0,0
26.0,0.0,9.58,26.0,0.0,9.58,26.0,0.0,9.59,26.0,0.0,9.59,26.0,0.0,9.59,0,0,0
26.0,0.0,9.58,26.0,0.0,9.59,26.0,0.0,9.59,26.0,0.0,9.59,26.0,0.0,9.59,0,0,0
26.0,0.0,9.59,26.0,0.0,9.59,26.0,0.0,9.59,26.0,0.0,9.59,26.0,0.0,9.59,0,0,0
26.0,0.0,9.59,26.0,0.0,9.59,26.0,0.0,9.59,26.0,0.0,9.59,26.0,0.0,9.59,0,0,0
26.0,0.0,9.59,26.0,0.0,9.59,26.0,0.0,9.59,26.0,0.0,9.59,26.0,0.0,9.59,0,0,0
26.0,0.0,9.59,26.0,0.0,9.59,26.0,0.0,9.59,26.0,0.0,9.59,26.0,0.0,9.59,0,0,0
26.0,0.0,9.59,26.0,0.0,9.59,26.0,0.0,9.59,26.0,0.0,9.59,26.0,0.0,9.59,0,0,0
26.0,0.0,9.59,26.0,0.0,9.59,26.0,0.0,9.59,26.0,0.0,9.59,26.0,0.0,9.59,0,0,0
26.0,0.0,9.59,26.0,0.0,9.59,26.0,0.0,9.59,26.0,0.0,9.59,26.0,0.0,9.59,0,0,0
26.0,0.0,9.59,26.0,0.0,9.59,26.0,0.0,9.59,26.0,0.0,9.59,26.0,0.0,9.59,0,0,0
26.0,0.0,9.59,26.0,0.0,9.59,26.0,0.0,9.59,26.0,0.0,9.59,26.0,0.0,9.59,0,0,0
26.0,0.0,9.59,26.0,0.0,9.59,26.0,0.0,9.59,26.0,0.0,9.59,26.0,0.0,9.59,0,0,0
26.0,0.0,9.59,26.0,0.0,9.59,26.0,0.0,9.59,26.0,0.0,9.59,26.0,0.0,9.59,0,0,0
26.0,0.0,9.59,26.0,0.0,9.59,26.0,0.0,9.59,26.0,0.0,9.59,26.0,0.0,9.59,0,0,0
26.0,0.0,9.59,26.0,0.0,9.59,26.0,0.0,9.59,26.0,0.0,9.59,26.0,0.0,9.59,0,0,0
26.0,0.0,9.59,26.0,0.0,9.59,26.0,0.0,9.59,26.0,0.0,9.59,26.0,0.0,9.59,0,0,0
26.0,0.0,9.59,26.0,0.0,9.59,26.0,0.0,9.59,26.0,0.0,9.59,26.0,0.0,9.59,0,0,0
26.0,0.0,9.59,26.0,0.0,9.59,26.0,0.0,9.59,26.0,0.0,9.59,26.0,0.0,9.59,0,0,0
26.0,0.0,9.59,26.0,0.0,9.59,26.0,0.0,9.59,26.0,0.0,9.59,26.0,0.0,9.59,0,0,0
26.0,0.0,9.59,26.0,0.0,9.59,26.0,0.0,9.59,26.0,0.0,9.59,26.0,0.0,9.59,0,0,0
26.0,0.0,9.59,26.0,0.0,9.59,26.0,0.0,9.59,26.0,0.0,9.59,26.0,0.0,9.59,0,0,0
26.0,0.0,9.59,26.0,0.0,9.59,26.0,0.0,9.59,26.0,0.0,9.59,26.0,0.0,9.59,0,0,0
26.0,0.0,9.59,26.0,0.0,9.59,26.0,0.0,9.59,26.0,0.0,9.59,26.0,0.0,9.59,0,0,0
26.0,0.0,9.59,26.0,0.0,9.59,26.0,0.0,9.59,26.0,0.0,9.59,26.0,0.0,9.59,0,0,0
26.0,0.0,9.59,26.0,0.0,9.59,26.0,0.0,9.59,26.0,0.0,9.59,26.0,0.0,9.59,0,0,0
26.0,0.0,9.59,26.0,0.0,9.59,26.0,0.0,9.59,26.0,0.0,9.59,26.0,0.0,9.59,0,0,0
26.0,0.0,9.59,26.0,0.0,9.59,26.0,0.0,9.59,26.0,0.0,9.59,26.0,0.0,9.59,0,0,0
26.0,0.0,9.59,26.0,0.0,9.59,26.0,0.0,9.59,26.0,0.0,9.59,26.0,0.0,9.59,0,0,0
26.0,0.0,9.59,26.0,0.0,9.59,26.0,0.0,9.59,26.0,0.0,9.59,26.0,0.0,9.59,0,0,0
26.0,0.0,9.59,26.0,0.0,9.59,26.0,0.0,9.59,26.0,0.0,9.59,26.0,0.0,9.59,0,0,0
26.0,0.0,9.59,26.0,0.0,9.59,26.0,0.0,9.59,26.0,0.0,9.59,26.0,0.0,9.59,0,0,0
26.0,0.0,9.59,26.0,0.0,9.59,26.0,0.0,9.59,26.0,0.0,9.59,26.0,0.0,9.59,0,0,0
26.0,0.0,9.59,26.0,0.0,9.59,26.0,0.0,9.59,26.0,0.0,9.59,26.0,0.0,9.59,0,0,0
26.0,0.0,9.59,26.0,0.0,9.59,26.0,0.0,9.59,26.0,0.0,9.59,26.0,1.0,9.59,1,0,0
26.0,0.0,9.59,26.0,0.0,9.59,26.0,0.0,9.59,26.0,1.0,9.59,26.0,1.0,9.59,1,0,0
26.0,0.0,9.59,26.0,0.0,9.59,26.0,1.0,9.59,26.0,1.0,9.59,26.0,1.0,9.59,1,0,0
26.0,0.0,9.59,26.0,1.0,9.59,26.0,1.0,9.59,26.0,1.0,9.59,26.0,1.0,9.59,1,0,0
26.0,1.0,9.59,26.0,1.0,9.59,26.0,1.0,9.59,26.0,1.0,9.59,26.0,1.0,9.59,1,0,0
26.0,1.0,9.59,26.0,1.0,9.59,26.0,1.0,9.59,26.0,1.0,9.59,26.0,1.0,9.59,1,0,0
26.0,1.0,9.59,26.0,1.0,9.59,26.0,1.0,9.59,26.0,1.0,9.59,26.0,1.0,9.59,1,0,0
26.0,1.0,9.59,26.0,1.0,9.59,26.0,1.0,9.59,26.0,1.0,9.59,26.0,1.0,9.59,1,0,0
26.0,1.0,9.59,26.0,1.0,9.59,26.0,1.0,9.59,26.0,1.0,9.59,26.0,1.0,9.59,1,0,0
26.0,1.0,9.59,26.0,1.0,9.59,26.0,1.0,9.59,26.0,1.0,9.59,26.0,1.0,9.6,1,0,0
26.0,1.0,9.59,26.0,1.0,9.59,26.0,1.0,9.59,26.0,1.0,9.6,26.0,1.0,9.6,1,0,0
26.0,1.0,9.59,26.0,1.0,9.59,26.0,1.0,9.6,26.0,1.0,9.6,26.0,1.0,9.6,1,0,0
26.0,1.0,9.59,26.0,1.0,9.6,26.0,1.0,9.6,26.0,1.0,9.6,26.0,1.0,9.6,1,0,0
26.0,1.0,9.6,26.0,1.0,9.6,26.0,1.0,9.6,26.0,1.0,9.6,26.0,1.0,9.6,1,0,0
26.0,1.0,9.6,26.0,1.0,9.6,26.0,1.0,9.6,26.0,1.0,9.6,26.0,1.0,9.6,1,0,0
26.0,1.0,9.6,26.0,1.0,9.6,26.0,1.0,9.6,26.0,1.0,9.6,26.0,1.0,9.6,1,0,0
26.0,1.0,9.6,26.0,1.0,9.6,26.0,1.0,9.6,26.0,1.0,9.6,26.0,1.0,9.6,1,0,0
26.0,1.0,9.6,26.0,1.0,9.6,26.0,1.0,9.6,26.0,1.0,9.6,26.0,1.0,9.6,1,0,0
26.0,1.0,9.6,26.0,1.0,9.6,26.0,1.0,9.6,26.0,1.0,9.6,26.0,1.0,9.6,1,0,0
26.0,1.0,9.6,26.0,1.0,9.6,26.0,1.0,9.6,26.0,1.0,9.6,26.0,1.0,9.6,1,0,0
26.0,1.0,9.6,26.0,1.0,9.6,26.0,1.0,9.6,26.0,1.0,9.6,26.0,1.0,9.6,1,0,0
26.0,1.0,9.6,26.0,1.0,9.6,26.0,1.0,9.6,26.0,1.0,9.6,26.0,1.0,9.6,1,0,0
26.0,1.0,9.6,26.0,1.0,9.6,26.0,1.0,9.6,26.0,1.0,9.6,26.0,1.0,9.6,1,0,0
26.0,1.0,9.6,26.0,1.0,9.6,26.0,1.0,9.6,26.0,1.0,9.6,26.0,1.0,9.6,1,0,0
26.0,1.0,9.6,26.0,1.0,9.6,26.0,1.0,9.6,26.0,1.0,9.6,26.0,1.0,9.6,1,0,0
26.0,1.0,9.6,26.0,1.0,9.6,26.0,1.0,9.6,26.0,1.0,9.6,26.0,1.0,9.6,1,0,0
26.0,1.0,9.6,26.0,1.0,9.6,26.0,1.0,9.6,26.0,1.0,9.6,26.0,1.0,9.6,1,0,0
26.0,1.0,9.6,26.0,1.0,9.6,26.0,1.0,9.6,26.0,1.0,9.6,26.0,1.0,9.6,1,0,0
26.0,1.0,9.6,26.0,1.0,9.6,26.0,1.0,9.6,26.0,1.0,9.6,26.0,1.0,9.6,1,0,0
26.0,1.0,9.6,26.0,1.0,9.6,26.0,1.0,9.6,26.0,1.0,9.6,26.0,1.0,9.6,1,0,0
26.0,1.0,9.6,26.0,1.0,9.6,26.0,1.0,9.6,26.0,1.0,9.6,26.0,1.0,9.6,1,0,0
26.0,1.0,9.6,26.0,1.0,9.6,26.0,1.0,9.6,26.0,1.0,9.6,27.0,1.0,9.6,1,0,0
26.0,1.0,9.6,26.0,1.0,9.6,26.0,1.0,9.6,27.0,1.0,9.6,28.0,1.0,9.6,1,0,0
26.0,1.0,9.6,26.0,1.0,9.6,27.0,1.0,9.6,28.0,1.0,9.6,28.0,1.0,9.6,1,0,0
26.0,1.0,9.6,27.0,1.0,9.6,28.0,1.0,9.6,28.0,1.0,9.6,29.0,1.0,9.6,1,0,0
27.0,1.0,9.6,28.0,1.0,9.6,28.0,1.0,9.6,29.0,1.0,9.6,30.0,1.0,9.6,1,0,0
28.0,1.0,9.6,28.0,1.0,9.6,29.0,1.0,9.6,30.0,1.0,9.6,31.0,1.0,9.6,1,0,0
28.0,1.0,9.6,29.0,1.0,9.6,30.0,1.0,9.6,31.0,1.0,9.6,32.0,1.0,9.6,1,0,0
29.0,1.0,9.6,30.0,1.0,9.6,31.0,1.0,9.6,32.0,1.0,9.6,32.0,1.0,9.6,1,0,0
30.0,1.0,9.6,31.0,1.0,9.6,32.0,1.0,9.6,32.0,1.0,9.6,33.0,1.0,9.6,1,0,0
31.0,1.0,9.6,32.0,1.0,9.6,32.0,1.0,9.6,33.0,1.0,9.6,34.0,1.0,9.6,1,0,0
32.0,1.0,9.6,32.0,1.0,9.6,33.0,1.0,9.6,34.0,1.0,9.6,34.0,1.0,9.6,1,0,0
32.0,1.0,9.6,33.0,1.0,9.6,34.0,1.0,9.6,34.0,1.0,9.6,35.0,1.0,9.6,1,0,0
33.0,1.0,9.6,34.0,1.0,9.6,34.0,1.0,9.6,35.0,1.0,9.6,35.0,1.0,9.6,1,0,0
34.0,1.0,9.6,34.0,1.0,9.6,35.0,1.0,9.6,35.0,1.0,9.6,35.0,1.0,9.6,1,0,0
34.0,1.0,9.6,35.0,1.0,9.6,35.0,1.0,9.6,35.0,1.0,9.6,36.0,1.0,9.6,1,1,0
35.0,1.0,9.6,35.0,1.0,9.6,35.0,1.0,9.6,36.0,1.0,9.6,36.0,1.0,9.6,1,1,0
35.0,1.0,9.6,35.0,1.0,9.6,36.0,1.0,9.6,36.0,1.0,9.6,36.0,1.0,9.6,1,1,0
35.0,1.0,9.6,36.0,1.0,9.6,36.0,1.0,9.6,36.0,1.0,9.6,37.0,1.0,9.6,1,1,0
36.0,1.0,9.6,36.0,1.0,9.6,36.0,1.0,9.6,37.0,1.0,9.6,37.0,1.0,9.6,1,1,0
36.0,1.0,9.6,36.0,1.0,9.6,37.0,1.0,9.6,37.0,1.0,9.6,37.0,1.0,9.6,1,1,0
36.0,1.0,9.6,37.0,1.0,9.6,37.0,1.0,9.6,37.0,1.0,9.6,37.0,1.0,9.6,1,1,0
37.0,1.0,9.6,37.0,1.0,9.6,37.0,1.0,9.6,37.0,1.0,9.6,37.0,1.0,9.61,1,1,0
37.0,1.0,9.6,37.0,1.0,9.6,37.0,1.0,9.6,37.0,1.0,9.61,37.0,1.0,9.61,1,1,0
37.0,1.0,9.6,37.0,1.0,9.6,37.0,1.0,9.61,37.0,1.0,9.61,37.0,1.0,9.61,1,1,0
37.0,1.0,9.6,37.0,1.0,9.61,37.0,1.0,9.61,37.0,1.0,9.61,37.0,1.0,9.61,1,1,0
37.0,1.0,9.61,37.0,1.0,9.61,37.0,1.0,9.61,37.0,1.0,9.61,37.0,1.0,9.61,1,1,0
37.0,1.0,9.61,37.0,1.0,9.61,37.0,1.0,9.61,37.0,1.0,9.61,37.0,1.0,9.61,1,1,0
37.0,1.0,9.61,37.0,1.0,9.61,37.0,1.0,9.61,37.0,1.0,9.61,37.0,1.0,9.61,1,1,0
37.0,1.0,9.61,37.0,1.0,9.61,37.0,1.0,9.61,37.0,1.0,9.61,37.0,1.0,9.62,1,1,0
37.0,1.0,9.61,37.0,1.0,9.61,37.0,1.0,9.61,37.0,1.0,9.62,38.0,1.0,9.62,1,1,0
37.0,1.0,9.61,37.0,1.0,9.61,37.0,1.0,9.62,38.0,1.0,9.62,38.0,1.0,9.62,1,1,0
37.0,1.0,9.61,37.0,1.0,9.62,38.0,1.0,9.62,38.0,1.0,9.62,38.0,1.0,9.62,1,1,0
37.0,1.0,9.62,38.0,1.0,9.62,38.0,1.0,9.62,38.0,1.0,9.62,38.0,1.0,9.62,1,1,0
38.0,1.0,9.62,38.0,1.0,9.62,38.0,1.0,9.62,38.0,1.0,9.62,37.0,1.0,9.62,1,1,0
38.0,1.0,9.62,38.0,1.0,9.62,38.0,1.0,9.62,37.0,1.0,9.62,37.0,1.0,9.62,1,1,0
38.0,1.0,9.62,38.0,1.0,9.62,37.0,1.0,9.62,37.0,1.0,9.62,37.0,1.0,9.62,1,1,0
38.0,1.0,9.62,37.0,1.0,9.62,37.0,1.0,9.62,37.0,1.0,9.62,37.0,1.0,9.62,1,1,0
37.0,1.0,9.62,37.0,1.0,9.62,37.0,1.0,9.62,37.0,1.0,9.62,37.0,1.0,9.62,1,1,0
37.0,1.0,9.62,37.0,1.0,9.62,37.0,1.0,9.62,37.0,1.0,9.62,37.0,1.0,9.62,1,1,0
37.0,1.0,9.62,37.0,1.0,9.62,37.0,1.0,9.62,37.0,1.0,9.62,38.0,1.0,9.62,1,1,0
37.0,1.0,9.62,37.0,1.0,9.62,37.0,1.0,9.62,38.0,1.0,9.62,38.0,1.0,9.62,1,1,0
37.0,1.0,9.62,37.0,1.0,9.62,38.0,1.0,9.62,38.0,1.0,9.62,37.0,1.0,9.62,1,1,0
37.0,1.0,9.62,38.0,1.0,9.62,38.0,1.0,9.62,37.0,1.0,9.62,36.0,1.0,9.62,1,1,0
38.0,1.0,9.62,38.0,1.0,9.62,37.0,1.0,9.62,36.0,1.0,9.62,36.0,0.0,9.62,1,1,0
38.0,1.0,9.62,37.0,1.0,9.62,36.0,1.0,9.62,36.0,0.0,9.62,35.0,0.0,9.62,1,1,0
37.0,1.0,9.62,36.0,1.0,9.62,36.0,0.0,9.62,35.0,0.0,9.62,34.0,0.0,9.62,1,1,0
36.0,1.0,9.62,36.0,0.0,9.62,35.0,0.0,9.62,34.0,0.0,9.62,33.0,0.0,9.62,1,1,0
36.0,0.0,9.62,35.0,0.0,9.62,34.0,0.0,9.62,33.0,0.0,9.62,33.0,0.0,5.87,0,1,0
35.0,0.0,9.62,34.0,0.0,9.62,33.0,0.0,9.62,33.0,0.0,5.87,32.0,0.0,5.9,0,0,0
34.0,0.0,9.62,33.0,0.0,9.62,33.0,0.0,5.87,32.0,0.0,5.9,32.0,0.0,5.9,0,0,0
33.0,0.0,9.62,33.0,0.0,5.87,32.0,0.0,5.9,32.0,0.0,5.9,31.0,0.0,5.91,0,0,0
33.0,0.0,5.87,32.0,0.0,5.9,32.0,0.0,5.9,31.0,0.0,5.91,31.0,0.0,5.91,0,0,0
32.0,0.0,5.9,32.0,0.0,5.9,31.0,0.0,5.91,31.0,0.0,5.91,30.0,0.0,5.91,0,0,0
32.0,0.0,5.9,31.0,0.0,5.91,31.0,0.0,5.91,30.0,0.0,5.91,30.0,0.0,5.91,0,0,0
31.0,0.0,5.91,31.0,0.0,5.91,30.0,0.0,5.91,30.0,0.0,5.91,30.0,0.0,5.91,0,0,0
31.0,0.0,5.91,30.0,0.0,5.91,30.0,0.0,5.91,30.0,0.0,5.91,29.0,0.0,5.91,0,0,0
30.0,0.0,5.91,30.0,0.0,5.91,30.0,0.0,5.91,29.0,0.0,5.91,29.0,0.0,5.91,0,0,0
30.0,0.0,5.91,30.0,0.0,5.91,29.0,0.0,5.91,29.0,0.0,5.91,29.0,0.0,5.91,0,0,0
30.0,0.0,5.91,29.0,0.0,5.91,29.0,0.0,5.91,29.0,0.0,5.91,29.0,0.0,5.91,0,0,0
29.0,0.0,5.91,29.0,0.0,5.91,29.0,0.0,5.91,29.0,0.0,5.91,29.0,0.0,5.92,0,0,0
29.0,0.0,5.91,29.0,0.0,5.91,29.0,0.0,5.91,29.0,0.0,5.92,28.0,0.0,5.92,0,0,0
29.0,0.0,5.91,29.0,0.0,5.91,29.0,0.0,5.92,28.0,0.0,5.92,28.0,0.0,5.92,0,0,0
29.0,0.0,5.91,29.0,0.0,5.92,28.0,0.0,5.92,28.0,0.0,5.92,28.0,0.0,5.92,0,0,0
29.0,0.0,5.92,28.0,0.0,5.92,28.0,0.0,5.92,28.0,0.0,5.92,28.0,0.0,5.92,0,0,0
28.0,0.0,5.92,28.0,0.0,5.92,28.0,0.0,5.92,28.0,0.0,5.92,28.0,0.0,5.92,0,0,0
28.0,0.0,5.92,28.0,0.0,5.92,28.0,0.0,5.92,28.0,0.0,5.92,28.0,0.0,5.92,0,0,0
28.0,0.0,5.92,28.0,0.0,5.92,28.0,0.0,5.92,28.0,0.0,5.92,28.0,0.0,5.92,0,0,0
28.0,0.0,5.92,28.0,0.0,5.92,28.0,0.0,5.92,28.0,0.0,5.92,27.0,0.0,5.92,0,0,0
28.0,0.0,5.92,28.0,0.0,5.92,28.0,0.0,5.92,27.0,0.0,5.92,27.0,0.0,5.92,0,0,0
28.0,0.0,5.92,28.0,0.0,5.92,27.0,0.0,5.92,27.0,0.0,5.92,27.0,0.0,5.92,0,0,0
28.0,0.0,5.92,27.0,0.0,5.92,27.0,0.0,5.92,27.0,0.0,5.92,27.0,0.0,5.92,0,0,0
27.0,0.0,5.92,27.0,0.0,5.92,27.0,0.0,5.92,27.0,0.0,5.92,27.0,0.0,5.92,0,0,0
27.0,0.0,5.92,27.0,0.0,5.92,27.0,0.0,5.92,27.0,0.0,5.92,27.0,0.0,5.92,0,0,0
27.0,0.0,5.92,27.0,0.0,5.92,27.0,0.0,5.92,27.0,0.0,5.92,27.0,0.0,5.92,0,0,0
27.0,0.0,5.92,27.0,0.0,5.92,27.0,0.0,5.92,27.0,0.0,5.92,27.0,0.0,5.92,0,0,0
27.0,0.0,5.92,27.0,0.0,5.92,27.0,0.0,5.92,27.0,0.0,5.92,27.0,0.0,5.92,0,0,0
27.0,0.0,5.92,27.0,0.0,5.92,27.0,0.0,5.92,27.0,0.0,5.92,26.0,0.0,5.92,0,0,0
27.0,0.0,5.92,27.0,0.0,5.92,27.0,0.0,5.92,26.0,0.0,5.92,26.0,0.0,5.92,0,0,0
27.0,0.0,5.92,27.0,0.0,5.92,26.0,0.0,5.92,26.0,0.0,5.92,26.0,0.0,5.92,0,0,0
27.0,0.0,5.92,26.0,0.0,5.92,26.0,0.0,5.92,26.0,0.0,5.92,26.0,0.0,5.92,0,0,0
26.0,0.0,5.92,26.0,0.0,5.92,26.0,0.0,5.92,26.0,0.0,5.92,26.0,0.0,5.92,0,0,0
26.0,0.0,5.92,26.0,0.0,5.92,26.0,0.0,5.92,26.0,0.0,5.92,26.0,0.0,5.92,0,0,0
26.0,0.0,5.92,26.0,0.0,5.92,26.0,0.0,5.92,26.0,0.0,5.92,26.0,0.0,5.93,0,0,0
26.0,0.0,5.92,26.0,0.0,5.92,26.0,0.0,5.92,26.0,0.0,5.93,26.0,0.0,5.93,0,0,0
26.0,0.0,5.92,26.0,0.0,5.92,26.0,0.0,5.93,26.0,0.0,5.93,26.0,0.0,5.93,0,0,0
26.0,0.0,5.92,26.0,0.0,5.93,26.0,0.0,5.93,26.0,0.0,5.93,26.0,0.0,5.93,0,0,0
26.0,0.0,5.93,26.0,0.0,5.93,26.0,0.0,5.93,26.0,0.0,5.93,26.0,0.0,5.93,0,0,0
26.0,0.0,5.93,26.0,0.0,5.93,26.0,0.0,5.93,26.0,0.0,5.93,26.0,0.0,5.93,0,0,0
26.0,0.0,5.93,26.0,0.0,5.93,26.0,0.0,5.93,26.0,0.0,5.93,26.0,1.0,5.93,1,0,0
26.0,0.0,5.93,26.0,0.0,5.93,26.0,0.0,5.93,26.0,1.0,5.93,26.0,1.0,5.93,1,0,0
26.0,0.0,5.93,26.0,0.0,5.93,26.0,1.0,5.93,26.0,1.0,5.93,26.0,1.0,5.93,1,0,0
26.0,0.0,5.93,26.0,1.0,5.93,26.0,1.0,5.93,26.0,1.0,5.93,26.0,1.0,5.93,1,0,0
26.0,1.0,5.93,26.0,1.0,5.93,26.0,1.0,5.93,26.0,1.0,5.93,26.0,1.0,5.93,1,0,0
26.0,1.0,5.93,26.0,1.0,5.93,26.0,1.0,5.93,26.0,1.0,5.93,26.0,1.0,5.93,1,0,0
26.0,1.0,5.93,26.0,1.0,5.93,26.0,1.0,5.93,26.0,1.0,5.93,26.0,1.0,5.93,1,0,0
26.0,1.0,5.93,26.0,1.0,5.93,26.0,1.0,5.93,26.0,1.0,5.93,26.0,1.0,5.93,1,0,0
26.0,1.0,5.93,26.0,1.0,5.93,26.0,1.0,5.93,26.0,1.0,5.93,26.0,1.0,5.93,1,0,0
26.0,1.0,5.93,26.0,1.0,5.93,26.0,1.0,5.93,26.0,1.0,5.93,26.0,1.0,5.93,1,0,0
26.0,1.0,5.93,26.0,1.0,5.93,26.0,1.0,5.93,26.0,1.0,5.93,26.0,1.0,5.93,1,0,0
26.0,1.0,5.93,26.0,1.0,5.93,26.0,1.0,5.93,26.0,1.0,5.93,26.0,1.0,5.93,1,0,0
26.0,1.0,5.93,26.0,1.0,5.93,26.0,1.0,5.93,26.0,1.0,5.93,26.0,1.0,5.93,1,0,0
26.0,1.0,5.93,26.0,1.0,5.93,26.0,1.0,5.93,26.0,1.0,5.93,26.0,1.0,5.93,1,0,0
26.0,1.0,5.93,26.0,1.0,5.93,26.0,1.0,5.93,26.0,1.0,5.93,26.0,1.0,5.93,1,0,0
26.0,1.0,5.93,26.0,1.0,5.93,26.0,1.0,5.93,26.0,1.0,5.93,27.0,1.0,5.93,1,0,0
26.0,1.0,5.93,26.0,1.0,5.93,26.0,1.0,5.93,27.0,1.0,5.93,28.0,1.0,5.93,1,0,0
26.0,1.0,5.93,26.0,1.0,5.93,27.0,1.0,5.93,28.0,1.0,5.93,29.0,0.0,5.93,1,0,0
26.0,1.0,5.93,27.0,1.0,5.93,28.0,1.0,5.93,29.0,0.0,5.93,30.0,0.0,5.93,1,0,0
27.0,1.0,5.93,28.0,1.0,5.93,29.0,0.0,5.93,30.0,0.0,5.93,30.0,1.0,5.93,1,0,0
28.0,1.0,5.93,29.0,0.0,5.93,30.0,0.0,5.93,30.0,1.0,5.93,31.0,0.0,5.93,1,0,0
29.0,0.0,5.93,30.0,0.0,5.93,30.0,1.0,5.93,31.0,0.0,5.93,33.0,1.0,5.93,1,0,0
30.0,0.0,5.93,30.0,1.0,5.93,31.0,0.0,5.93,33.0,1.0,5.93,34.0,0.0,5.93,1,0,0
30.0,1.0,5.93,31.0,0.0,5.93,33.0,1.0,5.93,34.0,0.0,5.93,34.0,1.0,5.93,1,0,0
31.0,0.0,5.93,33.0,1.0,5.93,34.0,0.0,5.93,34.0,1.0,5.93,34.0,1.0,5.93,1,0,0
33.0,1.0,5.93,34.0,0.0,5.93,34.0,1.0,5.93,34.0,1.0,5.93,34.0,1.0,5.93,1,0,0
34.0,0.0,5.93,34.0,1.0,5.93,34.0,1.0,5.93,34.0,1.0,5.93,34.0,1.0,5.93,1,0,0
34.0,1.0,5.93,34.0,1.0,5.93,34.0,1.0,5.93,34.0,1.0,5.93,34.0,1.0,5.93,1,0,0
34.0,1.0,5.93,34.0,1.0,5.93,34.0,1.0,5.93,34.0,1.0,5.93,34.0,1.0,5.94,1,0,0
34.0,1.0,5.93,34.0,1.0,5.93,34.0,1.0,5.93,34.0,1.0,5.94,35.0,0.0,5.94,1,0,0
34.0,1.0,5.93,34.0,1.0,5.93,34.0,1.0,5.94,35.0,0.0,5.94,35.0,0.0,5.94,1,0,0
34.0,1.0,5.93,34.0,1.0,5.94,35.0,0.0,5.94,35.0,0.0,5.94,35.0,1.0,5.94,1,0,0
34.0,1.0,5.94,35.0,0.0,5.94,35.0,0.0,5.94,35.0,1.0,5.94,34.0,0.0,5.94,1,0,0
35.0,0.0,5.94,35.0,0.0,5.94,35.0,1.0,5.94,34.0,0.0,5.94,34.0,1.0,5.94,1,0,0
35.0,0.0,5.94,35.0,1.0,5.94,34.0,0.0,5.94,34.0,1.0,5.94,33.0,1.0,5.94,1,0,0
35.0,1.0,5.94,34.0,0.0,5.94,34.0,1.0,5.94,33.0,1.0,5.94,33.0,1.0,5.94,1,0,0
34.0,0.0,5.94,34.0,1.0,5.94,33.0,1.0,5.94,33.0,1.0,5.94,33.0,1.0,5.94,1,0,0
34.0,1.0,5.94,33.0,1.0,5.94,33.0,1.0,5.94,33.0,1.0,5.94,32.0,0.0,5.94,1,0,0
33.0,1.0,5.94,33.0,1.0,5.94,33.0,1.0,5.94,32.0,0.0,5.94,32.0,0.0,5.94,1,0,0
33.0,1.0,5.94,33.0,1.0,5.94,32.0,0.0,5.94,32.0,0.0,5.94,32.0,1.0,5.94,1,0,0
33.0,1.0,5.94,32.0,0.0,5.94,32.0,0.0,5.94,32.0,1.0,5.94,32.0,1.0,5.94,1,0,0
32.0,0.0,5.94,32.0,0.0,5.94,32.0,1.0,5.94,32.0,1.0,5.94,32.0,1.0,5.94,1,0,0
32.0,0.0,5.94,32.0,1.0,5.94,32.0,1.0,5.94,32.0,1.0,5.94,33.0,1.0,5.94,1,0,0
32.0,1.0,5.94,32.0,1.0,5.94,32.0,1.0,5.94,33.0,1.0,5.94,34.0,1.0,5.94,1,0,0
32.0,1.0,5.94,32.0,1.0,5.94,33.0,1.0,5.94,34.0,1.0,5.94,36.0,1.0,5.94,1,1,0
32.0,1.0,5.94,33.0,1.0,5.94,34.0,1.0,5.94,36.0,1.0,5.94,37.0,1.0,5.95,1,1,0
33.0,1.0,5.94,34.0,1.0,5.94,36.0,1.0,5.94,37.0,1.0,5.95,39.0,1.0,5.95,1,1,0
34.0,1.0,5.94,36.0,1.0,5.94,37.0,1.0,5.95,39.0,1.0,5.95,40.0,1.0,5.95,1,1,0
36.0,1.0,5.94,37.0,1.0,5.95,39.0,1.0,5.95,40.0,1.0,5.95,40.0,0.0,5.95,1,1,0
37.0,1.0,5.95,39.0,1.0,5.95,40.0,1.0,5.95,40.0,0.0,5.95,40.0,0.0,5.95,1,1,0
39.0,1.0,5.95,40.0,1.0,5.95,40.0,0.0,5.95,40.0,0.0,5.95,39.0,0.0,5.95,1,1,0
40.0,1.0,5.95,40.0,0.0,5.95,40.0,0.0,5.95,39.0,0.0,5.95,37.0,0.0,5.95,1,1,0
40.0,0.0,5.95,40.0,0.0,5.95,39.0,0.0,5.95,37.0,0.0,5.95,35.0,0.0,5.96,0,1,0
40.0,0.0,5.95,39.0,0.0,5.95,37.0,0.0,5.95,35.0,0.0,5.96,34.0,0.0,5.96,0,1,0
39.0,0.0,5.95,37.0,0.0,5.95,35.0,0.0,5.96,34.0,0.0,5.96,33.0,0.0,6.14,0,1,0
37.0,0.0,5.95,35.0,0.0,5.96,34.0,0.0,5.96,33.0,0.0,6.14,33.0,0.0,6.24,0,1,0
35.0,0.0,5.96,34.0,0.0,5.96,33.0,0.0,6.14,33.0,0.0,6.24,32.0,0.0,6.9,0,0,1
34.0,0.0,5.96,33.0,0.0,6.14,33.0,0.0,6.24,32.0,0.0,6.9,32.0,0.0,6.91,0,0,1
33.0,0.0,6.14,33.0,0.0,6.24,32.0,0.0,6.9,32.0,0.0,6.91,31.0,0.0,7.23,0,0,1
33.0,0.0,6.24,32.0,0.0,6.9,32.0,0.0,6.91,31.0,0.0,7.23,31.0,0.0,7.58,0,0,1
32.0,0.0,6.9,32.0,0.0,6.91,31.0,0.0,7.23,31.0,0.0,7.58,30.0,0.0,7.58,0,0,1
32.0,0.0,6.91,31.0,0.0,7.23,31.0,0.0,7.58,30.0,0.0,7.58,30.0,0.0,7.89,0,0,1
31.0,0.0,7.23,31.0,0.0,7.58,30.0,0.0,7.58,30.0,0.0,7.89,30.0,0.0,8.19,0,0,1
31.0,0.0,7.58,30.0,0.0,7.58,30.0,0.0,7.89,30.0,0.0,8.19,30.0,0.0,8.21,0,0,0
30.0,0.0,7.58,30.0,0.0,7.89,30.0,0.0,8.19,30.0,0.0,8.21,29.0,0.0,8.55,0,0,1
30.0,0.0,7.89,30.0,0.0,8.19,30.0,0.0,8.21,29.0,0.0,8.55,29.0,0.0,8.55,0,0,1
30.0,0.0,8.19,30.0,0.0,8.21,29.0,0.0,8.55,29.0,0.0,8.55,29.0,0.0,8.55,0,0,1
30.0,0.0,8.21,29.0,0.0,8.55,29.0,0.0,8.55,29.0,0.0,8.55,29.0,0.0,8.57,0,0,1
29.0,0.0,8.55,29.0,0.0,8.55,29.0,0.0,8.55,29.0,0.0,8.57,28.0,0.0,8.6,0,0,0
29.0,0.0,8.55,29.0,0.0,8.55,29.0,0.0,8.57,28.0,0.0,8.6,28.0,0.0,8.91,0,0,0
29.0,0.0,8.55,29.0,0.0,8.57,28.0,0.0,8.6,28.0,0.0,8.91,28.0,0.0,8.91,0,0,0
29.0,0.0,8.57,28.0,0.0,8.6,28.0,0.0,8.91,28.0,0.0,8.91,28.0,0.0,8.91,0,0,0
28.0,0.0,8.6,28.0,0.0,8.91,28.0,0.0,8.91,28.0,0.0,8.91,28.0,0.0,8.92,0,0,0
28.0,0.0,8.91,28.0,0.0,8.91,28.0,0.0,8.91,28.0,0.0,8.92,28.0,1.0,8.92,1,0,0
28.0,0.0,8.91,28.0,0.0,8.91,28.0,0.0,8.92,28.0,1.0,8.92,28.0,1.0,8.93,1,0,0
28.0,0.0,8.91,28.0,0.0,8.92,28.0,1.0,8.92,28.0,1.0,8.93,27.0,1.0,8.94,1,0,0
28.0,0.0,8.92,28.0,1.0,8.92,28.0,1.0,8.93,27.0,1.0,8.94,27.0,1.0,9.25,1,0,0
28.0,1.0,8.92,28.0,1.0,8.93,27.0,1.0,8.94,27.0,1.0,9.25,27.0,1.0,9.26,1,0,0
28.0,1.0,8.93,27.0,1.0,8.94,27.0,1.0,9.25,27.0,1.0,9.26,27.0,1.0,9.27,1,0,0
27.0,1.0,8.94,27.0,1.0,9.25,27.0,1.0,9.26,27.0,1.0,9.27,27.0,1.0,9.27,1,0,0
27.0,1.0,9.25,27.0,1.0,9.26,27.0,1.0,9.27,27.0,1.0,9.27,27.0,1.0,9.27,1,0,0
27.0,1.0,9.26,27.0,1.0,9.27,27.0,1.0,9.27,27.0,1.0,9.27,27.0,1.0,9.63,1,0,1
27.0,1.0,9.27,27.0,1.0,9.27,27.0,1.0,9.27,27.0,1.0,9.63,27.0,0.0,9.65,1,0,1
27.0,1.0,9.27,27.0,1.0,9.27,27.0,1.0,9.63,27.0,0.0,9.65,27.0,1.0,9.91,1,0,1
27.0,1.0,9.27,27.0,1.0,9.63,27.0,0.0,9.65,27.0,1.0,9.91,27.0,1.0,9.92,1,0,1
27.0,1.0,9.63,27.0,0.0,9.65,27.0,1.0,9.91,27.0,1.0,9.92,27.0,0.0,9.92,1,0,0
27.0,0.0,9.65,27.0,1.0,9.91,27.0,1.0,9.92,27.0,0.0,9.92,27.0,0.0,9.92,1,0,0
27.0,1.0,9.91,27.0,1.0,9.92,27.0,0.0,9.92,27.0,0.0,9.92,27.0,0.0,9.92,1,0,0
27.0,1.0,9.92,27.0,0.0,9.92,27.0,0.0,9.92,27.0,0.0,9.92,27.0,0.0,9.92,1,0,0
27.0,0.0,9.92,27.0,0.0,9.92,27.0,0.0,9.92,27.0,0.0,9.92,26.0,0.0,9.92,0,0,0
27.0,0.0,9.92,27.0,0.0,9.92,27.0,0.0,9.92,26.0,0.0,9.92,26.0,0.0,9.92,0,0,0
27.0,0.0,9.92,27.0,0.0,9.92,26.0,0.0,9.92,26.0,0.0,9.92,26.0,0.0,9.92,0,0,0
27.0,0.0,9.92,26.0,0.0,9.92,26.0,0.0,9.92,26.0,0.0,9.92,26.0,0.0,9.93,0,0,0
26.0,0.0,9.92,26.0,0.0,9.92,26.0,0.0,9.92,26.0,0.0,9.93,26.0,0.0,9.93,0,0,0
26.0,0.0,9.92,26.0,0.0,9.92,26.0,0.0,9.93,26.0,0.0,9.93,26.0,0.0,9.93,0,0,0
26.0,0.0,9.92,26.0,0.0,9.93,26.0,0.0,9.93,26.0,0.0,9.93,26.0,0.0,9.93,0,0,0
26.0,0.0,9.93,26.0,0.0,9.93,26.0,0.0,9.93,26.0,0.0,9.93,26.0,0.0,9.93,0,0,0
26.0,0.0,9.93,26.0,0.0,9.93,26.0,0.0,9.93,26.0,0.0,9.93,26.0,0.0,9.93,0,0,0
26.0,0.0,9.93,26.0,0.0,9.93,26.0,0.0,9.93,26.0,0.0,9.93,26.0,0.0,9.93,0,0,0
26.0,0.0,9.93,26.0,0.0,9.93,26.0,0.0,9.93,26.0,0.0,9.93,26.0,0.0,9.93,0,0,0
26.0,0.0,9.93,26.0,0.0,9.93,26.0,0.0,9.93,26.0,0.0,9.93,26.0,0.0,9.93,0,0,0
26.0,0.0,9.93,26.0,0.0,9.93,26.0,0.0,9.93,26.0,0.0,9.93,26.0,0.0,9.93,0,0,0
26.0,0.0,9.93,26.0,0.0,9.93,26.0,0.0,9.93,26.0,0.0,9.93,26.0,0.0,9.94,0,0,0
26.0,0.0,9.93,26.0,0.0,9.93,26.0,0.0,9.93,26.0,0.0,9.94,26.0,0.0,9.94,0,0,0
26.0,0.0,9.93,26.0,0.0,9.93,26.0,0.0,9.94,26.0,0.0,9.94,26.0,0.0,9.94,0,0,0
26.0,0.0,9.93,26.0,0.0,9.94,26.0,0.0,9.94,26.0,0.0,9.94,26.0,0.0,9.94,0,0,0
26.0,0.0,9.94,26.0,0.0,9.94,26.0,0.0,9.94,26.0,0.0,9.94,26.0,0.0,9.94,0,0,0
26.0,0.0,9.94,26.0,0.0,9.94,26.0,0.0,9.94,26.0,0.0,9.94,26.0,0.0,9.94,0,0,0
26.0,0.0,9.94,26.0,0.0,9.94,26.0,0.0,9.94,26.0,0.0,9.94,26.0,0.0,9.94,0,0,0
26.0,0.0,9.94,26.0,0.0,9.94,26.0,0.0,9.94,26.0,0.0,9.94,26.0,0.0,9.94,0,0,0
26.0,0.0,9.94,26.0,0.0,9.94,26.0,0.0,9.94,26.0,0.0,9.94,26.0,0.0,9.94,0,0,0
26.0,0.0,9.94,26.0,0.0,9.94,26.0,0.0,9.94,26.0,0.0,9.94,26.0,0.0,9.94,0,0,0
26.0,0.0,9.94,26.0,0.0,9.94,26.0,0.0,9.94,26.0,0.0,9.94,26.0,0.0,9.94,0,0,0
26.0,0.0,9.94,26.0,0.0,9.94,26.0,0.0,9.94,26.0,0.0,9.94,26.0,0.0,9.94,0,0,0
26.0,0.0,9.94,26.0,0.0,9.94,26.0,0.0,9.94,26.0,0.0,9.94,26.0,0.0,9.94,0,0,0
26.0,0.0,9.94,26.0,0.0,9.94,26.0,0.0,9.94,26.0,0.0,9.94,26.0,0.0,9.94,0,0,0
26.0,0.0,9.94,26.0,0.0,9.94,26.0,0.0,9.94,26.0,0.0,9.94,26.0,0.0,9.94,0,0,0
26.0,0.0,9.94,26.0,0.0,9.94,26.0,0.0,9.94,26.0,0.0,9.94,26.0,0.0,7.21,0,0,0
26.0,0.0,9.94,26.0,0.0,9.94,26.0,0.0,9.94,26.0,0.0,7.21,26.0,0.0,7.21,0,0,0
26.0,0.0,9.94,26.0,0.0,9.94,26.0,0.0,7.21,26.0,0.0,7.21,26.0,0.0,7.21,0,0,0
26.0,0.0,9.94,26.0,0.0,7.21,26.0,0.0,7.21,26.0,0.0,7.21,26.0,0.0,7.22,0,0,0
26.0,0.0,7.21,26.0,0.0,7.21,26.0,0.0,7.21,26.0,0.0,7.22,26.0,0.0,7.22,0,0,0
26.0,0.0,7.21,26.0,0.0,7.21,26.0,0.0,7.22,26.0,0.0,7.22,26.0,0.0,7.22,0,0,0
26.0,0.0,7.21,26.0,0.0,7.22,26.0,0.0,7.22,26.0,0.0,7.22,26.0,0.0,7.22,0,0,0
26.0,0.0,7.22,26.0,0.0,7.22,26.0,0.0,7.22,26.0,0.0,7.22,26.0,0.0,7.22,0,0,0
26.0,0.0,7.22,26.0,0.0,7.22,26.0,0.0,7.22,26.0,0.0,7.22,26.0,0.0,7.22,0,0,0
26.0,0.0,7.22,26.0,0.0,7.22,26.0,0.0,7.22,26.0,0.0,7.22,26.0,0.0,7.22,0,0,0
26.0,0.0,7.22,26.0,0.0,7.22,26.0,0.0,7.22,26.0,0.0,7.22,26.0,0.0,7.22,0,0,0
26.0,0.0,7.22,26.0,0.0,7.22,26.0,0.0,7.22,26.0,0.0,7.22,26.0,0.0,7.22,0,0,0
26.0,0.0,7.22,26.0,0.0,7.22,26.0,0.0,7.22,26.0,0.0,7.22,26.0,0.0,7.23,0,0,0
26.0,0.0,7.22,26.0,0.0,7.22,26.0,0.0,7.22,26.0,0.0,7.23,26.0,0.0,7.23,0,0,0
26.0,0.0,7.22,26.0,0.0,7.22,26.0,0.0,7.23,26.0,0.0,7.23,26.0,0.0,7.23,0,0,0
26.0,0.0,7.22,26.0,0.0,7.23,26.0,0.0,7.23,26.0,0.0,7.23,26.0,0.0,7.23,0,0,0
26.0,0.0,7.23,26.0,0.0,7.23,26.0,0.0,7.23,26.0,0.0,7.23,26.0,0.0,7.23,0,0,0
26.0,0.0,7.23,26.0,0.0,7.23,26.0,0.0,7.23,26.0,0.0,7.23,26.0,0.0,7.23,0,0,0
26.0,0.0,7.23,26.0,0.0,7.23,26.0,0.0,7.23,26.0,0.0,7.23,26.0,0.0,7.23,0,0,0
26.0,0.0,7.23,26.0,0.0,7.23,26.0,0.0,7.23,26.0,0.0,7.23,26.0,0.0,7.23,0,0,0
26.0,0.0,7.23,26.0,0.0,7.23,26.0,0.0,7.23,26.0,0.0,7.23,26.0,0.0,7.23,0,0,0
26.0,0.0,7.23,26.0,0.0,7.23,26.0,0.0,7.23,26.0,0.0,7.23,26.0,0.0,7.23,0,0,0
26.0,0.0,7.23,26.0,0.0,7.23,26.0,0.0,7.23,26.0,0.0,7.23,26.0,0.0,7.23,0,0,0
26.0,0.0,7.23,26.0,0.0,7.23,26.0,0.0,7.23,26.0,0.0,7.23,26.0,0.0,7.23,0,0,0
26.0,0.0,7.23,26.0,0.0,7.23,26.0,0.0,7.23,26.0,0.0,7.23,26.0,0.0,7.23,0,0,0
26.0,0.0,7.23,26.0,0.0,7.23,26.0,0.0,7.23,26.0,0.0,7.23,26.0,0.0,7.23,0,0,0
26.0,0.0,7.23,26.0,0.0,7.23,26.0,0.0,7.23,26.0,0.0,7.23,26.0,0.0,7.23,0,0,0
26.0,0.0,7.23,26.0,0.0,7.23,26.0,0.0,7.23,26.0,0.0,7.23,26.0,0.0,7.23,0,0,0
26.0,0.0,7.23,26.0,0.0,7.23,26.0,0.0,7.23,26.0,0.0,7.23,26.0,0.0,7.23,0,0,0
26.0,0.0,7.23,26.0,0.0,7.23,26.0,0.0,7.23,26.0,0.0,7.23,26.0,1.0,7.23,1,0,0
26.0,0.0,7.23,26.0,0.0,7.23,26.0,0.0,7.23,26.0,1.0,7.23,26.0,1.0,7.23,1,0,0
26.0,0.0,7.23,26.0,0.0,7.23,26.0,1.0,7.23,26.0,1.0,7.23,26.0,1.0,7.24,1,0,0
26.0,0.0,7.23,26.0,1.0,7.23,26.0,1.0,7.23,26.0,1.0,7.24,26.0,1.0,7.24,1,0,0
26.0,1.0,7.23,26.0,1.0,7.23,26.0,1.0,7.24,26.0,1.0,7.24,26.0,1.0,7.24,1,0,0
26.0,1.0,7.23,26.0,1.0,7.24,26.0,1.0,7.24,26.0,1.0,7.24,26.0,1.0,7.24,1,0,0
26.0,1.0,7.24,26.0,1.0,7.24,26.0,1.0,7.24,26.0,1.0,7.24,26.0,1.0,7.24,1,0,0
26.0,1.0,7.24,26.0,1.0,7.24,26.0,1.0,7.24,26.0,1.0,7.24,26.0,1.0,7.24,1,0,0
26.0,1.0,7.24,26.0,1.0,7.24,26.0,1.0,7.24,26.0,1.0,7.24,26.0,1.0,7.24,1,0,0
26.0,1.0,7.24,26.0,1.0,7.24,26.0,1.0,7.24,26.0,1.0,7.24,26.0,1.0,7.24,1,0,0
26.0,1.0,7.24,26.0,1.0,7.24,26.0,1.0,7.24,26.0,1.0,7.24,26.0,1.0,7.24,1,0,0
26.0,1.0,7.24,26.0,1.0,7.24,26.0,1.0,7.24,26.0,1.0,7.24,26.0,1.0,7.24,1,0,0
26.0,1.0,7.24,26.0,1.0,7.24,26.0,1.0,7.24,26.0,1.0,7.24,27.0,1.0,7.24,1,0,0
26.0,1.0,7.24,26.0,1.0,7.24,26.0,1.0,7.24,27.0,1.0,7.24,28.0,1.0,7.24,1,0,0
26.0,1.0,7.24,26.0,1.0,7.24,27.0,1.0,7.24,28.0,1.0,7.24,30.0,1.0,7.24,1,0,0
26.0,1.0,7.24,27.0,1.0,7.24,28.0,1.0,7.24,30.0,1.0,7.24,31.0,0.0,7.25,1,0,0
27.0,1.0,7.24,28.0,1.0,7.24,30.0,1.0,7.24,31.0,0.0,7.25,32.0,0.0,7.25,1,0,0
28.0,1.0,7.24,30.0,1.0,7.24,31.0,0.0,7.25,32.0,0.0,7.25,32.0,0.0,7.25,1,0,0
30.0,1.0,7.24,31.0,0.0,7.25,32.0,0.0,7.25,32.0,0.0,7.25,33.0,1.0,7.25,1,0,0
31.0,0.0,7.25,32.0,0.0,7.25,32.0,0.0,7.25,33.0,1.0,7.25,33.0,1.0,7.25,1,0,0
32.0,0.0,7.25,32.0,0.0,7.25,33.0,1.0,7.25,33.0,1.0,7.25,34.0,1.0,7.25,1,0,0
32.0,0.0,7.25,33.0,1.0,7.25,33.0,1.0,7.25,34.0,1.0,7.25,35.0,1.0,7.25,1,0,0
33.0,1.0,7.25,33.0,1.0,7.25,34.0,1.0,7.25,35.0,1.0,7.25,36.0,1.0,7.25,1,1,0
33.0,1.0,7.25,34.0,1.0,7.25,35.0,1.0,7.25,36.0,1.0,7.25,37.0,1.0,7.25,1,1,0
34.0,1.0,7.25,35.0,1.0,7.25,36.0,1.0,7.25,37.0,1.0,7.25,38.0,1.0,7.25,1,1,0
35.0,1.0,7.25,36.0,1.0,7.25,37.0,1.0,7.25,38.0,1.0,7.25,39.0,1.0,7.25,1,1,0
36.0,1.0,7.25,37.0,1.0,7.25,38.0,1.0,7.25,39.0,1.0,7.25,39.0,1.0,7.25,1,1,0
37.0,1.0,7.25,38.0,1.0,7.25,39.0,1.0,7.25,39.0,1.0,7.25,40.0,1.0,7.25,1,1,0
38.0,1.0,7.25,39.0,1.0,7.25,39.0,1.0,7.25,40.0,1.0,7.25,41.0,1.0,7.25,1,1,0
39.0,1.0,7.25,39.0,1.0,7.25,40.0,1.0,7.25,41.0,1.0,7.25,41.0,0.0,7.25,1,1,0
39.0,1.0,7.25,40.0,1.0,7.25,41.0,1.0,7.25,41.0,0.0,7.25,40.0,0.0,7.39,1,1,0
40.0,1.0,7.25,41.0,1.0,7.25,41.0,0.0,7.25,40.0,0.0,7.39,40.0,0.0,7.56,1,1,1
41.0,1.0,7.25,41.0,0.0,7.25,40.0,0.0,7.39,40.0,0.0,7.56,39.0,0.0,7.6,1,1,1
41.0,0.0,7.25,40.0,0.0,7.39,40.0,0.0,7.56,39.0,0.0,7.6,38.0,0.0,7.89,0,1,1
40.0,0.0,7.39,40.0,0.0,7.56,39.0,0.0,7.6,38.0,0.0,7.89,37.0,0.0,8.22,0,1,1
40.0,0.0,7.56,39.0,0.0,7.6,38.0,0.0,7.89,37.0,0.0,8.22,36.0,0.0,8.23,0,1,0
39.0,0.0,7.6,38.0,0.0,7.89,37.0,0.0,8.22,36.0,0.0,8.23,35.0,0.0,8.54,0,1,1
38.0,0.0,7.89,37.0,0.0,8.22,36.0,0.0,8.23,35.0,0.0,8.54,35.0,0.0,8.55,0,1,1
37.0,0.0,8.22,36.0,0.0,8.23,35.0,0.0,8.54,35.0,0.0,8.55,34.0,0.0,8.56,0,1,1
36.0,0.0,8.23,35.0,0.0,8.54,35.0,0.0,8.55,34.0,0.0,8.56,33.0,0.0,8.89,0,1,1
35.0,0.0,8.54,35.0,0.0,8.55,34.0,0.0,8.56,33.0,0.0,8.89,32.0,0.0,8.89,0,0,0
35.0,0.0,8.55,34.0,0.0,8.56,33.0,0.0,8.89,32.0,0.0,8.89,32.0,0.0,8.89,0,0,0
34.0,0.0,8.56,33.0,0.0,8.89,32.0,0.0,8.89,32.0,0.0,8.89,32.0,0.0,8.9,0,0,0
33.0,0.0,8.89,32.0,0.0,8.89,32.0,0.0,8.89,32.0,0.0,8.9,31.0,0.0,8.91,0,0,0
32.0,0.0,8.89,32.0,0.0,8.89,32.0,0.0,8.9,31.0,0.0,8.91,31.0,0.0,8.91,0,0,0
32.0,0.0,8.89,32.0,0.0,8.9,31.0,0.0,8.91,31.0,0.0,8.91,30.0,0.0,8.93,0,0,0
32.0,0.0,8.9,31.0,0.0,8.91,31.0,0.0,8.91,30.0,0.0,8.93,30.0,0.0,9.24,0,0,0
31.0,0.0,8.91,31.0,0.0,8.91,30.0,0.0,8.93,30.0,0.0,9.24,30.0,0.0,9.24,0,0,0
31.0,0.0,8.91,30.0,0.0,8.93,30.0,0.0,9.24,30.0,0.0,9.24,29.0,0.0,9.25,0,0,0
30.0,0.0,8.93,30.0,0.0,9.24,30.0,0.0,9.24,29.0,0.0,9.25,29.0,0.0,9.25,0,0,0
30.0,0.0,9.24,30.0,0.0,9.24,29.0,0.0,9.25,29.0,0.0,9.25,29.0,0.0,9.26,0,0,0
30.0,0.0,9.24,29.0,0.0,9.25,29.0,0.0,9.25,29.0,0.0,9.26,29.0,0.0,9.58,0,0,1
29.0,0.0,9.25,29.0,0.0,9.25,29.0,0.0,9.26,29.0,0.0,9.58,29.0,0.0,9.58,0,0,1
29.0,0.0,9.25,29.0,0.0,9.26,29.0,0.0,9.58,29.0,0.0,9.58,28.0,0.0,9.82,0,0,1
29.0,0.0,9.26,29.0,0.0,9.58,29.0,0.0,9.58,28.0,0.0,9.82,28.0,0.0,9.89,0,0,1
29.0,0.0,9.58,29.0,0.0,9.58,28.0,0.0,9.82,28.0,0.0,9.89,28.0,0.0,9.91,0,0,0
29.0,0.0,9.58,28.0,0.0,9.82,28.0,0.0,9.89,28.0,0.0,9.91,28.0,0.0,9.91,0,0,0
28.0,0.0,9.82,28.0,0.0,9.89,28.0,0.0,9.91,28.0,0.0,9.91,28.0,0.0,9.91,0,0,0
28.0,0.0,9.89,28.0,0.0,9.91,28.0,0.0,9.91,28.0,0.0,9.91,28.0,0.0,9.92,0,0,0
28.0,0.0,9.91,28.0,0.0,9.91,28.0,0.0,9.91,28.0,0.0,9.92,27.0,0.0,9.92,0,0,0
28.0,0.0,9.91,28.0,0.0,9.91,28.0,0.0,9.92,27.0,0.0,9.92,27.0,0.0,9.92,0,0,0
28.0,0.0,9.91,28.0,0.0,9.92,27.0,0.0,9.92,27.0,0.0,9.92,27.0,0.0,9.92,0,0,0
28.0,0.0,9.92,27.0,0.0,9.92,27.0,0.0,9.92,27.0,0.0,9.92,27.0,0.0,9.92,0,0,0
27.0,0.0,9.92,27.0,0.0,9.92,27.0,0.0,9.92,27.0,0.0,9.92,27.0,0.0,9.92,0,0,0
27.0,0.0,9.92,27.0,0.0,9.92,27.0,0.0,9.92,27.0,0.0,9.92,27.0,0.0,9.92,0,0,0
27.0,0.0,9.92,27.0,0.0,9.92,27.0,0.0,9.92,27.0,0.0,9.92,27.0,0.0,9.92,0,0,0
27.0,0.0,9.92,27.0,0.0,9.92,27.0,0.0,9.92,27.0,0.0,9.92,27.0,0.0,9.92,0,0,0
27.0,0.0,9.92,27.0,0.0,9.92,27.0,0.0,9.92,27.0,0.0,9.92,27.0,0.0,9.92,0,0,0
27.0,0.0,9.92,27.0,0.0,9.92,27.0,0.0,9.92,27.0,0.0,9.92,27.0,0.0,9.92,0,0,0
27.0,0.0,9.92,27.0,0.0,9.92,27.0,0.0,9.92,27.0,0.0,9.92,27.0,0.0,9.92,0,0,0
27.0,0.0,9.92,27.0,0.0,9.92,27.0,0.0,9.92,27.0,0.0,9.92,27.0,0.0,9.92,0,0,0
27.0,0.0,9.92,27.0,0.0,9.92,27.0,0.0,9.92,27.0,0.0,9.92,27.0,0.0,9.93,0,0,0
27.0,0.0,9.92,27.0,0.0,9.92,27.0,0.0,9.92,27.0,0.0,9.93,27.0,0.0,9.93,0,0,0
27.0,0.0,9.92,27.0,0.0,9.92,27.0,0.0,9.93,27.0,0.0,9.93,26.0,0.0,9.93,0,0,0
27.0,0.0,9.92,27.0,0.0,9.93,27.0,0.0,9.93,26.0,0.0,9.93,26.0,0.0,9.93,0,0,0
27.0,0.0,9.93,27.0,0.0,9.93,26.0,0.0,9.93,26.0,0.0,9.93,26.0,0.0,9.93,0,0,0
27.0,0.0,9.93,26.0,0.0,9.93,26.0,0.0,9.93,26.0,0.0,9.93,26.0,0.0,9.93,0,0,0
26.0,0.0,9.93,26.0,0.0,9.93,26.0,0.0,9.93,26.0,0.0,9.93,26.0,0.0,9.93,0,0,0
26.0,0.0,9.93,26.0,0.0,9.93,26.0,0.0,9.93,26.0,0.0,9.93,26.0,0.0,9.93,0,0,0
26.0,0.0,9.93,26.0,0.0,9.93,26.0,0.0,9.93,26.0,0.0,9.93,26.0,0.0,9.93,0,0,0
26.0,0.0,9.93,26.0,0.0,9.93,26.0,0.0,9.93,26.0,0.0,9.93,26.0,0.0,9.93,0,0,0
26.0,0.0,9.93,26.0,0.0,9.93,26.0,0.0,9.93,26.0,0.0,9.93,26.0,0.0,9.93,0,0,0
26.0,0.0,9.93,26.0,0.0,9.93,26.0,0.0,9.93,26.0,0.0,9.93,26.0,0.0,9.93,0,0,0
26.0,0.0,9.93,26.0,0.0,9.93,26.0,0.0,9.93,26.0,0.0,9.93,26.0,0.0,9.93,0,0,0
26.0,0.0,9.93,26.0,0.0,9.93,26.0,0.0,9.93,26.0,0.0,9.93,26.0,0.0,9.93,0,0,0
26.0,0.0,9.93,26.0,0.0,9.93,26.0,0.0,9.93,26.0,0.0,9.93,26.0,0.0,9.93,0,0,0
26.0,0.0,9.93,26.0,0.0,9.93,26.0,0.0,9.93,26.0,0.0,9.93,26.0,0.0,9.93,0,0,0
26.0,0.0,9.93,26.0,0.0,9.93,26.0,0.0,9.93,26.0,0.0,9.93,26.0,0.0,9.93,0,0,0
26.0,0.0,9.93,26.0,0.0,9.93,26.0,0.0,9.93,26.0,0.0,9.93,26.0,0.0,9.93,0,0,0
26.0,0.0,9.93,26.0,0.0,9.93,26.0,0.0,9.93,26.0,0.0,9.93,26.0,0.0,9.93,0,0,0
26.0,0.0,9.93,26.0,0.0,9.93,26.0,0.0,9.93,26.0,0.0,9.93,26.0,0.0,9.93,0,0,0
26.0,0.0,9.93,26.0,0.0,9.93,26.0,0.0,9.93,26.0,0.0,9.93,26.0,0.0,9.93,0,0,0
26.0,0.0,9.93,26.0,0.0,9.93,26.0,0.0,9.93,26.0,0.0,9.93,26.0,0.0,9.93,0,0,0
26.0,0.0,9.93,26.0,0.0,9.93,26.0,0.0,9.93,26.0,0.0,9.93,26.0,0.0,9.93,0,0,0
26.0,0.0,9.93,26.0,0.0,9.93,26.0,0.0,9.93,26.0,0.0,9.93,26.0,0.0,9.93,0,0,0
26.0,0.0,9.93,26.0,0.0,9.93,26.0,0.0,9.93,26.0,0.0,9.93,26.0,0.0,9.93,0,0,0
26.0,0.0,9.93,26.0,0.0,9.93,26.0,0.0,9.93,26.0,0.0,9.93,26.0,0.0,9.93,0,0,0
26.0,0.0,9.93,26.0,0.0,9.93,26.0,0.0,9.93,26.0,0.0,9.93,26.0,0.0,9.93,0,0,0
26.0,0.0,9.93,26.0,0.0,9.93,26.0,0.0,9.93,26.0,0.0,9.93,26.0,0.0,9.93,0,0,0
26.0,0.0,9.93,26.0,0.0,9.93,26.0,0.0,9.93,26.0,0.0,9.93,26.0,0.0,9.93,0,0,0
26.0,0.0,9.93,26.0,0.0,9.93,26.0,0.0,9.93,26.0,0.0,9.93,26.0,0.0,9.93,0,0,0
26.0,0.0,9.93,26.0,0.0,9.93,26.0,0.0,9.93,26.0,0.0,9.93,26.0,0.0,9.93,0,0,0
26.0,0.0,9.93,26.0,0.0,9.93,26.0,0.0,9.93,26.0,0.0,9.93,26.0,0.0,9.93,0,0,0
26.0,0.0,9.93,26.0,0.0,9.93,26.0,0.0,9.93,26.0,0.0,9.93,26.0,0.0,9.93,0,0,0
26.0,0.0,9.93,26.0,0.0,9.93,26.0,0.0,9.93,26.0,0.0,9.93,26.0,0.0,9.93,0,0,0
26.0,0.0,9.93,26.0,0.0,9.93,26.0,0.0,9.93,26.0,0.0,9.93,26.0,0.0,9.93,0,0,0
26.0,0.0,9.93,26.0,0.0,9.93,26.0,0.0,9.93,26.0,0.0,9.93,26.0,0.0,9.93,0,0,0
26.0,0.0,9.93,26.0,0.0,9.93,26.0,0.0,9.93,26.0,0.0,9.93,26.0,0.0,9.93,0,0,0
26.0,0.0,9.93,26.0,0.0,9.93,26.0,0.0,9.93,26.0,0.0,9.93,26.0,0.0,9.93,0,0,0
26.0,0.0,9.93,26.0,0.0,9.93,26.0,0.0,9.93,26.0,0.0,9.93,26.0,0.0,9.94,0,0,0
26.0,0.0,9.93,26.0,0.0,9.93,26.0,0.0,9.93,26.0,0.0,9.94,26.0,0.0,9.94,0,0,0
26.0,0.0,9.93,26.0,0.0,9.93,26.0,0.0,9.94,26.0,0.0,9.94,26.0,0.0,9.94,0,0,0
26.0,0.0,9.93,26.0,0.0,9.94,26.0,0.0,9.94,26.0,0.0,9.94,26.0,0.0,9.94,0,0,0
26.0,0.0,9.94,26.0,0.0,9.94,26.0,0.0,9.94,26.0,0.0,9.94,26.0,0.0,9.94,0,0,0
26.0,0.0,9.94,26.0,0.0,9.94,26.0,0.0,9.94,26.0,0.0,9.94,26.0,0.0,9.94,0,0,0
26.0,0.0,9.94,26.0,0.0,9.94,26.0,0.0,9.94,26.0,0.0,9.94,26.0,0.0,9.94,0,0,0
26.0,0.0,9.94,26.0,0.0,9.94,26.0,0.0,9.94,26.0,0.0,9.94,26.0,0.0,9.94,0,0,0
26.0,0.0,9.94,26.0,0.0,9.94,26.0,0.0,9.94,26.0,0.0,9.94,26.0,0.0,9.94,0,0,0
26.0,0.0,9.94,26.0,0.0,9.94,26.0,0.0,9.94,26.0,0.0,9.94,26.0,0.0,9.94,0,0,0
26.0,0.0,9.94,26.0,0.0,9.94,26.0,0.0,9.94,26.0,0.0,9.94,26.0,0.0,9.94,0,0,0
26.0,0.0,9.94,26.0,0.0,9.94,26.0,0.0,9.94,26.0,0.0,9.94,26.0,0.0,9.94,0,0,0
26.0,0.0,9.94,26.0,0.0,9.94,26.0,0.0,9.94,26.0,0.0,9.94,26.0,0.0,9.94,0,0,0
26.0,0.0,9.94,26.0,0.0,9.94,26.0,0.0,9.94,26.0,0.0,9.94,26.0,0.0,9.94,0,0,0
26.0,0.0,9.94,26.0,0.0,9.94,26.0,0.0,9.94,26.0,0.0,9.94,26.0,0.0,9.94,0,0,0
26.0,0.0,9.94,26.0,0.0,9.94,26.0,0.0,9.94,26.0,0.0,9.94,26.0,0.0,9.94,0,0,0
26.0,0.0,9.94,26.0,0.0,9.94,26.0,0.0,9.94,26.0,0.0,9.94,26.0,0.0,9.94,0,0,0
26.0,0.0,9.94,26.0,0.0,9.94,26.0,0.0,9.94,26.0,0.0,9.94,26.0,0.0,9.94,0,0,0
26.0,0.0,9.94,26.0,0.0,9.94,26.0,0.0,9.94,26.0,0.0,9.94,26.0,0.0,9.94,0,0,0
26.0,0.0,9.94,26.0,0.0,9.94,26.0,0.0,9.94,26.0,0.0,9.94,26.0,0.0,9.94,0,0,0
26.0,0.0,9.94,26.0,0.0,9.94,26.0,0.0,9.94,26.0,0.0,9.94,26.0,0.0,9.94,0,0,0
26.0,0.0,9.94,26.0,0.0,9.94,26.0,0.0,9.94,26.0,0.0,9.94,26.0,0.0,9.94,0,0,0
26.0,0.0,9.94,26.0,0.0,9.94,26.0,0.0,9.94,26.0,0.0,9.94,26.0,0.0,9.94,0,0,0
26.0,0.0,9.94,26.0,0.0,9.94,26.0,0.0,9.94,26.0,0.0,9.94,26.0,0.0,9.94,0,0,0
26.0,0.0,9.94,26.0,0.0,9.94,26.0,0.0,9.94,26.0,0.0,9.94,26.0,0.0,9.94,0,0,0
26.0,0.0,9.94,26.0,0.0,9.94,26.0,0.0,9.94,26.0,0.0,9.94,26.0,0.0,9.94,0,0,0
26.0,0.0,9.94,26.0,0.0,9.94,26.0,0.0,9.94,26.0,0.0,9.94,26.0,0.0,9.94,0,0,0
26.0,0.0,9.94,26.0,0.0,9.94,26.0,0.0,9.94,26.0,0.0,9.94,26.0,0.0,9.94,0,0,0
26.0,0.0,9.94,26.0,0.0,9.94,26.0,0.0,9.94,26.0,0.0,9.94,26.0,0.0,9.94,0,0,0
26.0,0.0,9.94,26.0,0.0,9.94,26.0,0.0,9.94,26.0,0.0,9.94,26.0,0.0,9.94,0,0,0
26.0,0.0,9.94,26.0,0.0,9.94,26.0,0.0,9.94,26.0,0.0,9.94,26.0,0.0,9.94,0,0,0
26.0,0.0,9.94,26.0,0.0,9.94,26.0,0.0,9.94,26.0,0.0,9.94,26.0,0.0,9.94,0,0,0
26.0,0.0,9.94,26.0,0.0,9.94,26.0,0.0,9.94,26.0,0.0,9.94,26.0,0.0,9.94,0,0,0
26.0,0.0,9.94,26.0,0.0,9.94,26.0,0.0,9.94,26.0,0.0,9.94,26.0,0.0,9.94,0,0,0
26.0,0.0,9.94,26.0,0.0,9.94,26.0,0.0,9.94,26.0,0.0,9.94,26.0,0.0,9.94,0,0,0
26.0,0.0,9.94,26.0,0.0,9.94,26.0,0.0,9.94,26.0,0.0,9.94,26.0,0.0,9.94,0,0,0
26.0,0.0,9.94,26.0,0.0,9.94,26.0,0.0,9.94,26.0,0.0,9.94,26.0,0.0,9.94,0,0,0
26.0,0.0,9.94,26.0,0.0,9.94,26.0,0.0,9.94,26.0,0.0,9.94,26.0,0.0,9.94,0,0,0
26.0,0.0,9.94,26.0,0.0,9.94,26.0,0.0,9.94,26.0,0.0,9.94,26.0,0.0,9.94,0,0,0
26.0,0.0,9.94,26.0,0.0,9.94,26.0,0.0,9.94,26.0,0.0,9.94,26.0,0.0,9.94,0,0,0
26.0,0.0,9.94,26.0,0.0,9.94,26.0,0.0,9.94,26.0,0.0,9.94,26.0,0.0,9.94,0,0,0
26.0,0.0,9.94,26.0,0.0,9.94,26.0,0.0,9.94,26.0,0.0,9.94,26.0,0.0,9.94,0,0,0
26.0,0.0,9.94,26.0,0.0,9.94,26.0,0.0,9.94,26.0,0.0,9.94,26.0,0.0,9.94,0,0,0
26.0,0.0,9.94,26.0,0.0,9.94,26.0,0.0,9.94,26.0,0.0,9.94,26.0,0.0,9.94,0,0,0
26.0,0.0,9.94,26.0,0.0,9.94,26.0,0.0,9.94,26.0,0.0,9.94,26.0,0.0,9.94,0,0,0
26.0,0.0,9.94,26.0,0.0,9.94,26.0,0.0,9.94,26.0,0.0,9.94,26.0,0.0,9.94,0,0,0
26.0,0.0,9.94,26.0,0.0,9.94,26.0,0.0,9.94,26.0,0.0,9.94,26.0,0.0,9.94,0,0,0
26.0,0.0,9.94,26.0,0.0,9.94,26.0,0.0,9.94,26.0,0.0,9.94,26.0,0.0,9.94,0,0,0
26.0,0.0,9.94,26.0,0.0,9.94,26.0,0.0,9.94,26.0,0.0,9.94,26.0,0.0,9.94,0,0,0
26.0,0.0,9.94,26.0,0.0,9.94,26.0,0.0,9.94,26.0,0.0,9.94,26.0,0.0,9.94,0,0,0
26.0,0.0,9.94,26.0,0.0,9.94,26.0,0.0,9.94,26.0,0.0,9.94,26.0,0.0,9.94,0,0,0
26.0,0.0,9.94,26.0,0.0,9.94,26.0,0.0,9.94,26.0,0.0,9.94,26.0,0.0,9.94,0,0,0
26.0,0.0,9.94,26.0,0.0,9.94,26.0,0.0,9.94,26.0,0.0,9.94,26.0,0.0,9.94,0,0,0
26.0,0.0,9.94,26.0,0.0,9.94,26.0,0.0,9.94,26.0,0.0,9.94,26.0,0.0,9.94,0,0,0
26.0,0.0,9.94,26.0,0.0,9.94,26.0,0.0,9.94,26.0,0.0,9.94,26.0,0.0,9.94,0,0,0
26.0,0.0,9.94,26.0,0.0,9.94,26.0,0.0,9.94,26.0,0.0,9.94,26.0,0.0,9.94,0,0,0
26.0,0.0,9.94,26.0,0.0,9.94,26.0,0.0,9.94,26.0,0.0,9.94,26.0,0.0,9.94,0,0,0
26.0,0.0,9.94,26.0,0.0,9.94,26.0,0.0,9.94,26.0,0.0,9.94,26.0,0.0,9.94,0,0,0
26.0,0.0,9.94,26.0,0.0,9.94,26.0,0.0,9.94,26.0,0.0,9.94,26.0,0.0,9.94,0,0,0
26.0,0.0,9.94,26.0,0.0,9.94,26.0,0.0,9.94,26.0,0.0,9.94,26.0,0.0,9.94,0,0,0
26.0,0.0,9.94,26.0,0.0,9.94,26.0,0.0,9.94,26.0,0.0,9.94,26.0,0.0,9.94,0,0,0
26.0,0.0,9.94,26.0,0.0,9.94,26.0,0.0,9.94,26.0,0.0,9.94,26.0,0.0,9.94,0,0,0
26.0,0.0,9.94,26.0,0.0,9.94,26.0,0.0,9.94,26.0,0.0,9.94,26.0,0.0,9.94,0,0,0
26.0,0.0,9.94,26.0,0.0,9.94,26.0,0.0,9.94,26.0,0.0,9.94,26.0,0.0,9.94,0,0,0
26.0,0.0,9.94,26.0,0.0,9.94,26.0,0.0,9.94,26.0,0.0,9.94,26.0,0.0,9.94,0,0,0
26.0,0.0,9.94,26.0,0.0,9.94,26.0,0.0,9.94,26.0,0.0,9.94,26.0,0.0,9.94,0,0,0
26.0,0.0,9.94,26.0,0.0,9.94,26.0,0.0,9.94,26.0,0.0,9.94,26.0,0.0,9.94,0,0,0
26.0,0.0,9.94,26.0,0.0,9.94,26.0,0.0,9.94,26.0,0.0,9.94,26.0,0.0,9.94,0,0,0
26.0,0.0,9.94,26.0,0.0,9.94,26.0,0.0,9.94,26.0,0.0,9.94,26.0,0.0,9.94,0,0,0
26.0,0.0,9.94,26.0,0.0,9.94,26.0,0.0,9.94,26.0,0.0,9.94,26.0,0.0,9.94,0,0,0
26.0,0.0,9.94,26.0,0.0,9.94,26.0,0.0,9.94,26.0,0.0,9.94,26.0,0.0,9.94,0,0,0
26.0,0.0,9.94,26.0,0.0,9.94,26.0,0.0,9.94,26.0,0.0,9.94,26.0,0.0,9.94,0,0,0
26.0,0.0,9.94,26.0,0.0,9.94,26.0,0.0,9.94,26.0,0.0,9.94,26.0,0.0,9.94,0,0,0
26.0,0.0,9.94,26.0,0.0,9.94,26.0,0.0,9.94,26.0,0.0,9.94,26.0,0.0,9.94,0,0,0
26.0,0.0,9.94,26.0,0.0,9.94,26.0,0.0,9.94,26.0,0.0,9.94,26.0,0.0,9.94,0,0,0
26.0,0.0,9.94,26.0,0.0,9.94,26.0,0.0,9.94,26.0,0.0,9.94,26.0,0.0,9.95,0,0,0
26.0,0.0,9.94,26.0,0.0,9.94,26.0,0.0,9.94,26.0,0.0,9.95,26.0,0.0,9.95,0,0,0
26.0,0.0,9.94,26.0,0.0,9.94,26.0,0.0,9.95,26.0,0.0,9.95,26.0,0.0,9.95,0,0,0
26.0,0.0,9.94,26.0,0.0,9.95,26.0,0.0,9.95,26.0,0.0,9.95,26.0,0.0,9.95,0,0,0
26.0,0.0,9.95,26.0,0.0,9.95,26.0,0.0,9.95,26.0,0.0,9.95,26.0,0.0,9.95,0,0,0
26.0,0.0,9.95,26.0,0.0,9.95,26.0,0.0,9.95,26.0,0.0,9.95,26.0,0.0,9.95,0,0,0
26.0,0.0,9.95,26.0,0.0,9.95,26.0,0.0,9.95,26.0,0.0,9.95,26.0,0.0,9.95,0,0,0
26.0,0.0,9.95,26.0,0.0,9.95,26.0,0.0,9.95,26.0,0.0,9.95,26.0,0.0,9.95,0,0,0
26.0,0.0,9.95,26.0,0.0,9.95,26.0,0.0,9.95,26.0,0.0,9.95,26.0,0.0,9.95,0,0,0
26.0,0.0,9.95,26.0,0.0,9.95,26.0,0.0,9.95,26.0,0.0,9.95,26.0,0.0,9.95,0,0,0
26.0,0.0,9.95,26.0,0.0,9.95,26.0,0.0,9.95,26.0,0.0,9.95,26.0,0.0,9.95,0,0,0
26.0,0.0,9.95,26.0,0.0,9.95,26.0,0.0,9.95,26.0,0.0,9.95,26.0,0.0,9.95,0,0,0
26.0,0.0,9.95,26.0,0.0,9.95,26.0,0.0,9.95,26.0,0.0,9.95,26.0,0.0,9.95,0,0,0
26.0,0.0,9.95,26.0,0.0,9.95,26.0,0.0,9.95,26.0,0.0,9.95,26.0,0.0,9.95,0,0,0
26.0,0.0,9.95,26.0,0.0,9.95,26.0,0.0,9.95,26.0,0.0,9.95,26.0,0.0,9.95,0,0,0
26.0,0.0,9.95,26.0,0.0,9.95,26.0,0.0,9.95,26.0,0.0,9.95,26.0,0.0,9.95,0,0,0
26.0,0.0,9.95,26.0,0.0,9.95,26.0,0.0,9.95,26.0,0.0,9.95,26.0,0.0,9.95,0,0,0
26.0,0.0,9.95,26.0,0.0,9.95,26.0,0.0,9.95,26.0,0.0,9.95,26.0,0.0,9.95,0,0,0
26.0,0.0,9.95,26.0,0.0,9.95,26.0,0.0,9.95,26.0,0.0,9.95,26.0,0.0,9.95,0,0,0
26.0,0.0,9.95,26.0,0.0,9.95,26.0,0.0,9.95,26.0,0.0,9.95,26.0,0.0,9.95,0,0,0
26.0,0.0,9.95,26.0,0.0,9.95,26.0,0.0,9.95,26.0,0.0,9.95,26.0,0.0,9.95,0,0,0
26.0,0.0,9.95,26.0,0.0,9.95,26.0,0.0,9.95,26.0,0.0,9.95,26.0,0.0,9.95,0,0,0
26.0,0.0,9.95,26.0,0.0,9.95,26.0,0.0,9.95,26.0,0.0,9.95,26.0,0.0,9.96,0,0,0
26.0,0.0,9.95,26.0,0.0,9.95,26.0,0.0,9.95,26.0,0.0,9.96,26.0,0.0,9.96,0,0,0
26.0,0.0,9.95,26.0,0.0,9.95,26.0,0.0,9.96,26.0,0.0,9.96,26.0,0.0,9.96,0,0,0
26.0,0.0,9.95,26.0,0.0,9.96,26.0,0.0,9.96,26.0,0.0,9.96,26.0,0.0,9.96,0,0,0
26.0,0.0,9.96,26.0,0.0,9.96,26.0,0.0,9.96,26.0,0.0,9.96,26.0,0.0,9.96,0,0,0
26.0,0.0,9.96,26.0,0.0,9.96,26.0,0.0,9.96,26.0,0.0,9.96,26.0,0.0,9.96,0,0,0
26.0,0.0,9.96,26.0,0.0,9.96,26.0,0.0,9.96,26.0,0.0,9.96,26.0,0.0,9.96,0,0,0
26.0,0.0,9.96,26.0,0.0,9.96,26.0,0.0,9.96,26.0,0.0,9.96,26.0,0.0,9.96,0,0,0
26.0,0.0,9.96,26.0,0.0,9.96,26.0,0.0,9.96,26.0,0.0,9.96,26.0,0.0,9.96,0,0,0
26.0,0.0,9.96,26.0,0.0,9.96,26.0,0.0,9.96,26.0,0.0,9.96,26.0,0.0,9.96,0,0,0
26.0,0.0,9.96,26.0,0.0,9.96,26.0,0.0,9.96,26.0,0.0,9.96,26.0,0.0,9.96,0,0,0
26.0,0.0,9.96,26.0,0.0,9.96,26.0,0.0,9.96,26.0,0.0,9.96,26.0,0.0,9.96,0,0,0
26.0,0.0,9.96,26.0,0.0,9.96,26.0,0.0,9.96,26.0,0.0,9.96,26.0,0.0,9.96,0,0,0
26.0,0.0,9.96,26.0,0.0,9.96,26.0,0.0,9.96,26.0,0.0,9.96,26.0,0.0,9.96,0,0,0
26.0,0.0,9.96,26.0,0.0,9.96,26.0,0.0,9.96,26.0,0.0,9.96,26.0,0.0,9.96,0,0,0
26.0,0.0,9.96,26.0,0.0,9.96,26.0,0.0,9.96,26.0,0.0,9.96,26.0,0.0,9.96,0,0,0
